"   ","OUTPACKID","DEPTID","OUTBILLNO","GOODSID","PACKNUM","BARCODE","GOODSLOCID","OWNERNAME","OWNERNO","GOODSOWNERMANAGENUM","GOODSOWNERPACKNUM","MANAGENUM","INBEGINTIME","CONTRACTNO","OLDGOODSSTATENAME","OLDGOODSSTATENO","GOODSSTATENAME","GOODSSTATENO","GOODSTYPENAME","GOODSTYPE","KINDNAME","KINDNO","SHOPSIGNNAME","SHOPSIGNID","PRODAREANAME","PRODAREAID","GOODSBATCHNUM","GRADENUM","GRADENUMTHICK","GRADENUMWIDTH","GRADENUMLENGTH","GROSSWEIGHT","OUTGROSSWEIGHT","OUTNETWEIGHT","NETWEIGHT","POUNDWEIGHT","CHECKWEIGHT","SHEETNUM","PACKTYPE","QUALITYMEMO","FIRSTINOWNERID","FIRSTINDATE","INBILLID","MATERIALGOODSID","INTYPE","MEMO","CUSTBILL","SENDFLAG","VELFLAG","R_RECORD_CREATE_DATE","R_RECORD_CREATE_USER","R_RECORD_UPDATE_DATE","R_RECORD_UPDATE_USER","R_RECORD_IS_DELETED","FOREIGNLISTNO","CREATEID","CREATERNAME","SIDEMARK","STOCKTYPE","OUTBILLPICKOWNERNAME","R_RECORD_CHANGE_FLAG","INCUSTTIME","CUSTDAY","SDPRICE","OUTTYPE","EXTSYSKINDID","EXTSYSSHOPSIGNID","EXTSYSGRADENUM","PRODSTOVENO","CHECK_TYPE","SINGLESHEETNUM","SINGLESHEET","GRADENUMXH","OUTBILLPICKOWNERNO","OUTPASSWORD","SHIPNO","SHIPNAME","SHIPCD","SHIPLEVEL","SORT_EMP","LENGTH_PRODUCT_MAX","PACKTYPENAME","DBCKFLAG","DBOWNER","DISPERSESHEET","OUTCARNO","OUTCUSTTIME","PLY","ORIGINOUTSHEETNUM","OUTSHEETNUM","ORIGINOUTNETWEIGHT","ISSPLIT","PREFOREIGNLISTNO","DRAWNO","HANDNO","SAVENO","LOCLV2","GRADENUMWHDW","OPTFLAG","PAYEDFLAG","SALE_PRICE_AT","PRICE","CHANGEOWNERTIMES","CONTRACT_ID","CONTRACT_SUBID","JYZXFLAG","OUTBILLDATE","ROLLPLY","READYOUT","VALIDDATE","LOCKCOUNT","LOCLV1"
"1","3da202ca68df4ae5b65c56481c4fd69a","0101","CK1407080054","737db735f89d44beb2bfab30f960d627","A140626372S","1232207902972","CF1342","山西焦煤集团国际贸易有限责任公司","KH04647","","","SXJM兴宁77140702ZK","2014/7/1 7:59:00","","正常在库","20","已出库","40","普通货物","018001","热卷","PZ001001004","Q345B","GZ000887","本钢","CD000057","","5*1500*0","5.000000","1500.000000","0.000000","21.874000","21.874000","21.874000","21.874000","21.874000","0.000000","1.000000","","","KH04647","2014/7/2 11:51:19","RK1407020106","","20","","","0","1","2014/7/8 20:33:10","1919","2014/7/10 11:09:29","100003","0","2014-07-01","1919","徐雨亭","","室内存储","上海鸿厚贸易有限公司","2","2014/7/2 11:51:19","6","","正常出库","","","","","","1.000000","0.000000","0.000000","KH04928","","","","","","","0.000000","","0","","0.000000","","2014/7/8 20:33:15","0","0.000000","0.000000","0.000000","0","","","","","","","","","","","0","","","0","","0","","","",""
"2","d5f7878355d94fbe9004f856762e139e","0101","CK1407080054","0d021db2b1cb4a0eb61c2d250768cd56","D140325797D","1232207906291","S1111","山西焦煤集团国际贸易有限责任公司","KH04647","","","SXJM富翔1020140414L","2014/4/13 19:58:00","","正常在库","20","已出库","40","普通货物","018001","热卷","PZ001001004","SPHC","GZ000005","本钢","CD000057","","5*1500*0","5.000000","1500.000000","0.000000","22.710000","22.710000","22.710000","22.710000","22.710000","0.000000","1.000000","","","KH04647","2014/4/14 9:18:51","RK1404140012","","20","","","0","1","2014/7/8 20:33:10","1919","2014/7/10 11:09:29","100003","0","2014-07-01","1919","徐雨亭","","室内存储","上海鸿厚贸易有限公司","2","2014/4/14 9:18:51","85","","正常出库","","","","","","1.000000","0.000000","0.000000","KH04928","","","","","","","0.000000","","0","","0.000000","","2014/7/8 20:33:15","0","0.000000","0.000000","0.000000","0","","","","","","","","","","","0","","","0","","0","","","",""
"3","6ac500cc5f71431db60d34b5e16ecbdb","0101","CK1407080054","fdb3fb1a4cdc4a69812e7f4e1aac43c5","D140325795D","1232207963270","DB1572","山西焦煤集团国际贸易有限责任公司","KH04647","","","SXJM富翔1020140414L","2014/4/13 19:30:00","","正常在库","20","已出库","40","普通货物","018001","热卷","PZ001001004","SPHC","GZ000005","本钢","CD000057","","5*1500*0","5.000000","1500.000000","0.000000","22.630000","22.630000","22.630000","22.630000","22.630000","0.000000","1.000000","","","KH04647","2014/4/14 9:18:51","RK1404140012","","20","","","0","1","2014/7/8 20:33:10","1919","2014/7/10 11:09:29","100003","0","2014-07-01","1919","徐雨亭","","室内存储","上海鸿厚贸易有限公司","2","2014/4/14 9:18:51","85","","正常出库","","","","","","1.000000","0.000000","0.000000","KH04928","","","","","","","0.000000","","0","","0.000000","","2014/7/8 20:33:15","0","0.000000","0.000000","0.000000","0","","","","","","","","","","","0","","","0","","0","","","",""
"4","c81e2230d8dc4679b0b8780dea22cc81","0101","CK1407100029","39b3d6fc87fa486b83eeae988ce851f2","X140608061S-01","1232207619177","KB1111","上海达阳实业有限公司","KH01986","","","MXD兴宁7720140702M","2014/7/9 9:53:42","","正常在库","20","已出库","40","加工成品","018004","热轧开平板","PZ006004002","Q235B","GZ000419","本钢","CD000057","","2.75*1250*1900","2.750000","1250.000000","1900.000000","3.910000","3.910000","3.910000","3.910000","3.910000","3.910000","77.000000","","","KH01528","2014/7/9 9:53:42","","0114070356","60","","","0","1","2014/7/10 17:22:08","100002","","","0","9912","100002","顾陆萍","","未知","上海达阳实业有限公司","2","2014/7/9 9:53:42","1","","正常出库","","","","","","0.000000","0.000000","0.000000","KH01986","","","","","","","0.000000","","0","","0.000000","","2014/7/10 17:22:10","0","0.000000","0.000000","0.000000","0","","","","","","","","","","","0","","","0","","0","","","",""
"5","af346907e82f4ef8ac8fb32966c4c6e9","0101","CK1407100029","1c21186f2566487db6db43c039d251a4","X140608061S-02","1232207619184","KB1111","上海达阳实业有限公司","KH01986","","","MXD兴宁7720140702M","2014/7/9 9:53:42","","正常在库","20","已出库","40","加工成品","018004","热轧开平板","PZ006004002","Q235B","GZ000419","本钢","CD000057","","2.75*1250*1900","2.750000","1250.000000","1900.000000","3.910000","3.910000","3.910000","3.910000","3.910000","3.910000","77.000000","","","KH01528","2014/7/9 9:53:42","","0114070356","60","","","0","1","2014/7/10 17:22:08","100002","","","0","9912","100002","顾陆萍","","未知","上海达阳实业有限公司","2","2014/7/9 9:53:42","1","","正常出库","","","","","","0.000000","0.000000","0.000000","KH01986","","","","","","","0.000000","","0","","0.000000","","2014/7/10 17:22:10","0","0.000000","0.000000","0.000000","0","","","","","","","","","","","0","","","0","","0","","","",""
"6","c714d7bf8cb64c55a9ac881ef54cd573","0101","CK1407100029","4fd4499a91414cdd9f33708cff55e1ba","X140608061S-03","1232207619191","KB1111","上海达阳实业有限公司","KH01986","","","MXD兴宁7720140702M","2014/7/9 9:53:42","","正常在库","20","已出库","40","加工成品","018004","热轧开平板","PZ006004002","Q235B","GZ000419","本钢","CD000057","","2.75*1250*1900","2.750000","1250.000000","1900.000000","3.910000","3.910000","3.910000","3.910000","3.910000","3.910000","77.000000","","","KH01528","2014/7/9 9:53:42","","0114070356","60","","","0","1","2014/7/10 17:22:08","100002","","","0","9912","100002","顾陆萍","","未知","上海达阳实业有限公司","2","2014/7/9 9:53:42","1","","正常出库","","","","","","0.000000","0.000000","0.000000","KH01986","","","","","","","0.000000","","0","","0.000000","","2014/7/10 17:22:10","0","0.000000","0.000000","0.000000","0","","","","","","","","","","","0","","","0","","0","","","",""
"7","943ca448d3c241bcb1957bda5c5ddfc0","0101","CK1407100029","2931c7877cbf4c549188d25d1b45fb97","X140608061S-04","1232207619207","KB1111","上海达阳实业有限公司","KH01986","","","MXD兴宁7720140702M","2014/7/9 9:53:42","","正常在库","20","已出库","40","加工成品","018004","热轧开平板","PZ006004002","Q235B","GZ000419","本钢","CD000057","","2.75*1250*1900","2.750000","1250.000000","1900.000000","3.910000","3.910000","3.910000","3.910000","3.910000","3.910000","77.000000","","","KH01528","2014/7/9 9:53:42","","0114070356","60","","","0","1","2014/7/10 17:22:08","100002","","","0","9912","100002","顾陆萍","","未知","上海达阳实业有限公司","2","2014/7/9 9:53:42","1","","正常出库","","","","","","0.000000","0.000000","0.000000","KH01986","","","","","","","0.000000","","0","","0.000000","","2014/7/10 17:22:10","0","0.000000","0.000000","0.000000","0","","","","","","","","","","","0","","","0","","0","","","",""
"8","08b0f71554d748bea32b9a5fc2902c10","0101","CK1407100029","7ad0e77b086d41b28a6f126065b3403b","X140608061S-05","1232207619214","KB1111","上海达阳实业有限公司","KH01986","","","MXD兴宁7720140702M","2014/7/9 9:53:42","","正常在库","20","已出库","40","加工成品","018004","热轧开平板","PZ006004002","Q235B","GZ000419","本钢","CD000057","","2.75*1250*1900","2.750000","1250.000000","1900.000000","4.010000","4.010000","4.010000","4.010000","4.010000","4.010000","79.000000","","","KH01528","2014/7/9 9:53:42","","0114070356","60","","","0","1","2014/7/10 17:22:08","100002","","","0","9912","100002","顾陆萍","","未知","上海达阳实业有限公司","2","2014/7/9 9:53:42","1","","正常出库","","","","","","0.000000","0.000000","0.000000","KH01986","","","","","","","0.000000","","0","","0.000000","","2014/7/10 17:22:10","0","0.000000","0.000000","0.000000","0","","","","","","","","","","","0","","","0","","0","","","",""
"9","ae31e099dcdd486abc484da31506b233","0101","CK1407100029","909e1ea80669433c9df4178b0ba6ee32","X140608061S-06","1232207619221","KB1111","上海达阳实业有限公司","KH01986","","","MXD兴宁7720140702M","2014/7/9 9:53:42","","正常在库","20","已出库","40","加工成品","018004","热轧开平板","PZ006004002","Q235B","GZ000419","本钢","CD000057","","2.75*1250*550+200","2.750000","1250.000000","1900.000000","0.010000","0.010000","0.010000","0.010000","0.010000","0.010000","2.000000","","","KH01528","2014/7/9 9:53:42","","0114070356","60","","","0","1","2014/7/10 17:22:08","100002","","","0","9912","100002","顾陆萍","","未知","上海达阳实业有限公司","2","2014/7/9 9:53:42","1","","正常出库","","","","","","0.000000","0.000000","0.000000","KH01986","","","","","","","0.000000","","0","","0.000000","","2014/7/10 17:22:10","0","0.000000","0.000000","0.000000","0","","","","","","","","","","","0","","","0","","0","","","",""
"10","448d47ffe2ef490d9422a05e8d8e6580","0101","CK1407090045","58c9990925cc44faaf5799c9c76bb047","44036775-08","1232207618842","KB1111","上海昕允实业有限公司","KH05636","","","HN皖太远1689140605L","2014/7/9 15:31:37","","正常在库","20","已出库","40","加工成品","018004","带钢","PZ001001030","Q345B","GZ000887","武钢","CD000064","","2.5*130*0","2.500000","130.000000","0.000000","2.010000","2.010000","2.010000","2.010000","2.010000","2.010000","1.000000","007001                          ","","KH04122","2014/7/9 15:31:37","","0114070382","60","","","0","1","2014/7/9 22:31:18","100060","","","0","1301663","100060","潘华良","","未知","上海昕允实业有限公司","2","2014/7/9 15:31:37","0","","正常出库","","","","","","0.000000","0.000000","0.000000","KH05636","","","","","","","0.000000","裸包装","0","","0.000000","","2014/7/9 22:31:20","0","0.000000","0.000000","0.000000","0","","","","","","","","","","","0","","","0","","0","","","",""
"11","be54699980eb46d5a97d89787126b70d","0101","CK1407090045","3e690cd4cbaf4391ad62b6797c11ac68","44036775-09","1232207618538","KB1111","上海昕允实业有限公司","KH05636","","","HN皖太远1689140605L","2014/7/9 15:31:37","","正常在库","20","已出库","40","加工成品","018004","带钢","PZ001001030","Q345B","GZ000887","武钢","CD000064","","2.5*130*0","2.500000","130.000000","0.000000","2.010000","2.010000","2.010000","2.010000","2.010000","2.010000","1.000000","007001                          ","","KH04122","2014/7/9 15:31:37","","0114070382","60","","","0","1","2014/7/9 22:31:18","100060","","","0","1301663","100060","潘华良","","未知","上海昕允实业有限公司","2","2014/7/9 15:31:37","0","","正常出库","","","","","","0.000000","0.000000","0.000000","KH05636","","","","","","","0.000000","裸包装","0","","0.000000","","2014/7/9 22:31:20","0","0.000000","0.000000","0.000000","0","","","","","","","","","","","0","","","0","","0","","","",""
"12","7211b54c905b430e9061744a737bd77c","0101","CK1407090045","fec0866512c4472bb997cb93b0adb764","44036775-10","1232207618545","KB1111","上海昕允实业有限公司","KH05636","","","HN皖太远1689140605L","2014/7/9 15:31:37","","正常在库","20","已出库","40","加工成品","018004","带钢","PZ001001030","Q345B","GZ000887","武钢","CD000064","","2.5*80*0","2.500000","80.000000","0.000000","1.240000","1.240000","1.240000","1.240000","1.240000","1.240000","1.000000","007001                          ","","KH04122","2014/7/9 15:31:37","","0114070382","60","","","0","1","2014/7/9 22:31:18","100060","","","0","1301663","100060","潘华良","","未知","上海昕允实业有限公司","2","2014/7/9 15:31:37","0","","正常出库","","","","","","0.000000","0.000000","0.000000","KH05636","","","","","","","0.000000","裸包装","0","","0.000000","","2014/7/9 22:31:20","0","0.000000","0.000000","0.000000","0","","","","","","","","","","","0","","","0","","0","","","",""
"13","2e81ee824bc74d50a5792cb8c756b629","0101","CK1407090045","1878835903834ef39d73f6e315ea0b7e","44036775-11","1232207618552","KB1111","上海昕允实业有限公司","KH05636","","","HN皖太远1689140605L","2014/7/9 15:31:37","","正常在库","20","已出库","40","加工成品","018004","带钢","PZ001001030","Q345B","GZ000887","武钢","CD000064","","2.5*BS*1","2.500000","130.000000","1.000000","0.060000","0.060000","0.060000","0.060000","0.060000","0.060000","1.000000","007001                          ","","KH04122","2014/7/9 15:31:37","","0114070382","60","","","0","1","2014/7/9 22:31:18","100060","","","0","1301663","100060","潘华良","","未知","上海昕允实业有限公司","2","2014/7/9 15:31:37","0","","正常出库","","","","","","0.000000","0.000000","0.000000","KH05636","","","","","","","0.000000","裸包装","0","","0.000000","","2014/7/9 22:31:20","0","0.000000","0.000000","0.000000","0","","","","","","","","","","","0","","","0","","0","","","",""
"14","8795bddf8d394f35b38111f02708d1eb","0101","CK1407090045","3835323858e04019a7d72dec3ffce584","44036774-02","1232207618705","KB1111","上海昕允实业有限公司","KH05636","","","HN皖太远1689140605L","2014/7/9 15:31:37","","正常在库","20","已出库","40","加工成品","018004","带钢","PZ001001030","Q345B","GZ000887","武钢","CD000064","","2.5*130*0","2.500000","130.000000","0.000000","1.983000","1.983000","1.983000","1.983000","1.983000","1.983000","1.000000","007001                          ","","KH04122","2014/7/9 15:31:37","","0114070382","60","","","0","1","2014/7/9 22:31:18","100060","","","0","1301663","100060","潘华良","","未知","上海昕允实业有限公司","2","2014/7/9 15:31:37","0","","正常出库","","","","","","0.000000","0.000000","0.000000","KH05636","","","","","","","0.000000","裸包装","0","","0.000000","","2014/7/9 22:31:20","0","0.000000","0.000000","0.000000","0","","","","","","","","","","","0","","","0","","0","","","",""
"15","824abdb9a2cc437689b7bc7f68aa3021","0101","CK1407090045","a97e0413c9ac4ff8b6abce93c3bd78e3","44036774-03","1232207618712","KB1111","上海昕允实业有限公司","KH05636","","","HN皖太远1689140605L","2014/7/9 15:31:37","","正常在库","20","已出库","40","加工成品","018004","带钢","PZ001001030","Q345B","GZ000887","武钢","CD000064","","2.5*130*0","2.500000","130.000000","0.000000","1.983000","1.983000","1.983000","1.983000","1.983000","1.983000","1.000000","007001                          ","","KH04122","2014/7/9 15:31:37","","0114070382","60","","","0","1","2014/7/9 22:31:18","100060","","","0","1301663","100060","潘华良","","未知","上海昕允实业有限公司","2","2014/7/9 15:31:37","0","","正常出库","","","","","","0.000000","0.000000","0.000000","KH05636","","","","","","","0.000000","裸包装","0","","0.000000","","2014/7/9 22:31:20","0","0.000000","0.000000","0.000000","0","","","","","","","","","","","0","","","0","","0","","","",""
"16","559de8971ae9460c9ab372422d0d8210","0101","CK1407090045","f67b98c796d14abc97638bc91f37fe7c","44036774-04","1232207618729","KB1111","上海昕允实业有限公司","KH05636","","","HN皖太远1689140605L","2014/7/9 15:31:37","","正常在库","20","已出库","40","加工成品","018004","带钢","PZ001001030","Q345B","GZ000887","武钢","CD000064","","2.5*130*0","2.500000","130.000000","0.000000","1.983000","1.983000","1.983000","1.983000","1.983000","1.983000","1.000000","007001                          ","","KH04122","2014/7/9 15:31:37","","0114070382","60","","","0","1","2014/7/9 22:31:18","100060","","","0","1301663","100060","潘华良","","未知","上海昕允实业有限公司","2","2014/7/9 15:31:37","0","","正常出库","","","","","","0.000000","0.000000","0.000000","KH05636","","","","","","","0.000000","裸包装","0","","0.000000","","2014/7/9 22:31:20","0","0.000000","0.000000","0.000000","0","","","","","","","","","","","0","","","0","","0","","","",""
"17","4bb46e2f094a488ea2a0629f5d6862f5","0101","CK1407090045","c2bbc026a7ba4558a320d0fcff543f8a","44036774-05","1232207618736","KB1111","上海昕允实业有限公司","KH05636","","","HN皖太远1689140605L","2014/7/9 15:31:37","","正常在库","20","已出库","40","加工成品","018004","带钢","PZ001001030","Q345B","GZ000887","武钢","CD000064","","2.5*130*0","2.500000","130.000000","0.000000","1.983000","1.983000","1.983000","1.983000","1.983000","1.983000","1.000000","007001                          ","","KH04122","2014/7/9 15:31:37","","0114070382","60","","","0","1","2014/7/9 22:31:18","100060","","","0","1301663","100060","潘华良","","未知","上海昕允实业有限公司","2","2014/7/9 15:31:37","0","","正常出库","","","","","","0.000000","0.000000","0.000000","KH05636","","","","","","","0.000000","裸包装","0","","0.000000","","2014/7/9 22:31:20","0","0.000000","0.000000","0.000000","0","","","","","","","","","","","0","","","0","","0","","","",""
"18","432dd6cae2554f7ba241620c3ef34d1d","0101","CK1407090045","a13bedad11314934a2e4dea51def7403","44036774-06","1232207618743","KB1111","上海昕允实业有限公司","KH05636","","","HN皖太远1689140605L","2014/7/9 15:31:37","","正常在库","20","已出库","40","加工成品","018004","带钢","PZ001001030","Q345B","GZ000887","武钢","CD000064","","2.5*130*0","2.500000","130.000000","0.000000","1.983000","1.983000","1.983000","1.983000","1.983000","1.983000","1.000000","007001                          ","","KH04122","2014/7/9 15:31:37","","0114070382","60","","","0","1","2014/7/9 22:31:18","100060","","","0","1301663","100060","潘华良","","未知","上海昕允实业有限公司","2","2014/7/9 15:31:37","0","","正常出库","","","","","","0.000000","0.000000","0.000000","KH05636","","","","","","","0.000000","裸包装","0","","0.000000","","2014/7/9 22:31:20","0","0.000000","0.000000","0.000000","0","","","","","","","","","","","0","","","0","","0","","","",""
"19","7e95611856c94325b67800c10a932454","0101","CK1407090045","a345b58ea3b44cba8c4206d1c26c926d","44036774-07","1232207618750","KB1111","上海昕允实业有限公司","KH05636","","","HN皖太远1689140605L","2014/7/9 15:31:37","","正常在库","20","已出库","40","加工成品","018004","带钢","PZ001001030","Q345B","GZ000887","武钢","CD000064","","2.5*130*0","2.500000","130.000000","0.000000","1.983000","1.983000","1.983000","1.983000","1.983000","1.983000","1.000000","007001                          ","","KH04122","2014/7/9 15:31:37","","0114070382","60","","","0","1","2014/7/9 22:31:18","100060","","","0","1301663","100060","潘华良","","未知","上海昕允实业有限公司","2","2014/7/9 15:31:37","0","","正常出库","","","","","","0.000000","0.000000","0.000000","KH05636","","","","","","","0.000000","裸包装","0","","0.000000","","2014/7/9 22:31:20","0","0.000000","0.000000","0.000000","0","","","","","","","","","","","0","","","0","","0","","","",""
"20","8153aaff6a534c749be82c0285524166","0101","CK1407090045","a7efa754a0a4443eab7651b0d39a49c3","44036774-08","1232207618767","KB1111","上海昕允实业有限公司","KH05636","","","HN皖太远1689140605L","2014/7/9 15:31:37","","正常在库","20","已出库","40","加工成品","018004","带钢","PZ001001030","Q345B","GZ000887","武钢","CD000064","","2.5*130*0","2.500000","130.000000","0.000000","1.983000","1.983000","1.983000","1.983000","1.983000","1.983000","1.000000","007001                          ","","KH04122","2014/7/9 15:31:37","","0114070382","60","","","0","1","2014/7/9 22:31:18","100060","","","0","1301663","100060","潘华良","","未知","上海昕允实业有限公司","2","2014/7/9 15:31:37","0","","正常出库","","","","","","0.000000","0.000000","0.000000","KH05636","","","","","","","0.000000","裸包装","0","","0.000000","","2014/7/9 22:31:20","0","0.000000","0.000000","0.000000","0","","","","","","","","","","","0","","","0","","0","","","",""
"21","e8d57668c5f0416cba2c38d2d438bbf6","0101","CK1407090045","7af51a54001c42659a83f03167d53936","44036774-09","1232207618576","KB1111","上海昕允实业有限公司","KH05636","","","HN皖太远1689140605L","2014/7/9 15:31:37","","正常在库","20","已出库","40","加工成品","018004","带钢","PZ001001030","Q345B","GZ000887","武钢","CD000064","","2.5*130*0","2.500000","130.000000","0.000000","1.983000","1.983000","1.983000","1.983000","1.983000","1.983000","1.000000","007001                          ","","KH04122","2014/7/9 15:31:37","","0114070382","60","","","0","1","2014/7/9 22:31:18","100060","","","0","1301663","100060","潘华良","","未知","上海昕允实业有限公司","2","2014/7/9 15:31:37","0","","正常出库","","","","","","0.000000","0.000000","0.000000","KH05636","","","","","","","0.000000","裸包装","0","","0.000000","","2014/7/9 22:31:20","0","0.000000","0.000000","0.000000","0","","","","","","","","","","","0","","","0","","0","","","",""
"22","58501c7ce2e94fe2b31ea38215b677cc","0101","CK1407090045","80bd0f3df10049d1a0c4d68e7e51cb40","44036774-10","1232207618583","KB1111","上海昕允实业有限公司","KH05636","","","HN皖太远1689140605L","2014/7/9 15:31:37","","正常在库","20","已出库","40","加工成品","018004","带钢","PZ001001030","Q345B","GZ000887","武钢","CD000064","","2.5*80*0","2.500000","80.000000","0.000000","1.223000","1.223000","1.223000","1.223000","1.223000","1.223000","1.000000","007001                          ","","KH04122","2014/7/9 15:31:37","","0114070382","60","","","0","1","2014/7/9 22:31:18","100060","","","0","1301663","100060","潘华良","","未知","上海昕允实业有限公司","2","2014/7/9 15:31:37","0","","正常出库","","","","","","0.000000","0.000000","0.000000","KH05636","","","","","","","0.000000","裸包装","0","","0.000000","","2014/7/9 22:31:20","0","0.000000","0.000000","0.000000","0","","","","","","","","","","","0","","","0","","0","","","",""
"23","a6acad18fe244ae6a51797d23adc4a82","0101","CK1407110002","64357cc765404eb88745deeff68b6d5f","D140617036D-02","1232207898176","KN1111","上海闽兴大国际贸易有限公司","KH01528","","","MXD兴宁7720140702W","2014/7/11 5:41:43","","正常在库","20","已出库","40","加工成品","018004","开平板","PZ006004","Q235B","GZ000419","","CD000057","","3.75*1500*6000","3.750000","1500.000000","6000.000000","7.330000","7.330000","7.330000","7.330000","7.330000","7.330000","28.000000","","","KH01528","2014/7/11 5:41:43","","0114070573","60","","","0","1","2014/7/11 5:43:27","1919","","","0","321520","1919","徐雨亭","","未知","上海闽兴大国际贸易有限公司","2","2014/7/11 5:41:43","0","","正常出库","","","","","","0.000000","0.000000","0.000000","KH01528","","","","","","","0.000000","","0","","0.000000","","2014/7/11 5:43:32","0","0.000000","0.000000","0.000000","0","","","","","","","","","","","0","","","0","","0","","","",""
"24","0e48310ff5f548aa9ce4e96bc68fd1d4","0101","CK1407110002","94728332fa8f4e1288c2f89699f357b9","D140617036D-01","1232207898169","KN1111","上海闽兴大国际贸易有限公司","KH01528","","","MXD兴宁7720140702W","2014/7/11 5:41:43","","正常在库","20","已出库","40","加工成品","018004","开平板","PZ006004","Q235B","GZ000419","","CD000057","","3.75*1500*6000","3.750000","1500.000000","6000.000000","7.330000","7.330000","7.330000","7.330000","7.330000","7.330000","28.000000","","","KH01528","2014/7/11 5:41:43","","0114070573","60","","","0","1","2014/7/11 5:43:27","1919","","","0","321520","1919","徐雨亭","","未知","上海闽兴大国际贸易有限公司","2","2014/7/11 5:41:43","0","","正常出库","","","","","","0.000000","0.000000","0.000000","KH01528","","","","","","","0.000000","","0","","0.000000","","2014/7/11 5:43:32","0","0.000000","0.000000","0.000000","0","","","","","","","","","","","0","","","0","","0","","","",""
"25","f900a35b5b394785950aa990a8dcbe0c","0101","CK1407110002","5fb488ea44254c8f86a3fa3799c63bcc","D140617036D-03","1232207898183","KN1111","上海闽兴大国际贸易有限公司","KH01528","","","MXD兴宁7720140702W","2014/7/11 5:41:43","","正常在库","20","已出库","40","加工成品","018004","开平板","PZ006004","Q235B","GZ000419","","CD000057","","3.75*1500*6000","3.750000","1500.000000","6000.000000","7.330000","7.330000","7.330000","7.330000","7.330000","7.330000","28.000000","","","KH01528","2014/7/11 5:41:43","","0114070573","60","","","0","1","2014/7/11 5:43:27","1919","","","0","321520","1919","徐雨亭","","未知","上海闽兴大国际贸易有限公司","2","2014/7/11 5:41:43","0","","正常出库","","","","","","0.000000","0.000000","0.000000","KH01528","","","","","","","0.000000","","0","","0.000000","","2014/7/11 5:43:32","0","0.000000","0.000000","0.000000","0","","","","","","","","","","","0","","","0","","0","","","",""
"26","a5ebfd813fd94403bf3afcf72962915c","0101","CK1407090025","c05d353aca094c6f9cd0b9826edf7dfe","D140325572D-01","1232207619498","KB1111","上海昊乾实业有限公司","KH05138","","","SXJM康瑞86140414P","2014/7/8 21:09:36","","正常在库","20","已出库","40","加工成品","018004","开平板","PZ006004","SPHC","GZ000005","","CD000057","","4*1500*3000","4.000000","1500.000000","3000.000000","7.780000","7.780000","7.780000","7.780000","7.780000","7.780000","55.000000","007001                          ","","KH04647","2014/7/8 21:09:36","","0114070332","60","","","0","1","2014/7/9 13:57:32","1818","","","0","2315","1818","肖萍","","未知","上海昊乾实业有限公司","2","2014/7/8 21:09:36","1","","正常出库","","","","","","0.000000","0.000000","0.000000","KH05138","","","","","","","0.000000","裸包装","0","","0.000000","","2014/7/9 13:57:31","0","0.000000","0.000000","0.000000","0","","","","","","","","","","","0","","","0","","0","","","",""
"27","331f992463a14be08cd7b4c6c4d2d420","0101","CK1407090025","a40b3abd9e3d400bb624f8ce7f8f21a7","D140325572D-02","1232207619504","KB1111","上海昊乾实业有限公司","KH05138","","","SXJM康瑞86140414P","2014/7/8 21:09:36","","正常在库","20","已出库","40","加工成品","018004","开平板","PZ006004","SPHC","GZ000005","","CD000057","","4*1500*3000","4.000000","1500.000000","3000.000000","7.780000","7.780000","7.780000","7.780000","7.780000","7.780000","55.000000","007001                          ","","KH04647","2014/7/8 21:09:36","","0114070332","60","","","0","1","2014/7/9 13:57:32","1818","","","0","2315","1818","肖萍","","未知","上海昊乾实业有限公司","2","2014/7/8 21:09:36","1","","正常出库","","","","","","0.000000","0.000000","0.000000","KH05138","","","","","","","0.000000","裸包装","0","","0.000000","","2014/7/9 13:57:31","0","0.000000","0.000000","0.000000","0","","","","","","","","","","","0","","","0","","0","","","",""
"28","3fff9060cefa4c3292d240fbb0e1d91a","0101","CK1407090025","55d9c1f12bb7499097ecd3db063489a4","D140325572D-03","1232207619511","KB1111","上海昊乾实业有限公司","KH05138","","","SXJM康瑞86140414P","2014/7/8 21:09:36","","正常在库","20","已出库","40","加工成品","018004","开平板","PZ006004","SPHC","GZ000005","","CD000057","","4*1500*3000","4.000000","1500.000000","3000.000000","6.790000","6.790000","6.790000","6.790000","6.790000","6.790000","48.000000","007001                          ","","KH04647","2014/7/8 21:09:36","","0114070332","60","","","0","1","2014/7/9 13:57:32","1818","","","0","2315","1818","肖萍","","未知","上海昊乾实业有限公司","2","2014/7/8 21:09:36","1","","正常出库","","","","","","0.000000","0.000000","0.000000","KH05138","","","","","","","0.000000","裸包装","0","","0.000000","","2014/7/9 13:57:31","0","0.000000","0.000000","0.000000","0","","","","","","","","","","","0","","","0","","0","","","",""
"29","44d319f88afd4ca1a1ec159f0a1f9890","0101","CK1407090017","496f397a32c645d58e266dc0f4aed739","3C25E05030-01","1232207878949","KN1111","上海浙旭实业有限公司","KH04950","","","TJXY鑫顺达13619K","2014/7/8 16:08:26","","正常在库","20","已出库","40","加工成品","018004","开平板","PZ006004001","45","GZ001391","","CD000017","","3.55*1250*2000","3.550000","1250.000000","2000.000000","4.770000","4.770000","4.770000","4.770000","4.770000","4.770000","67.000000","007001                          ","","KH05428","2014/7/8 16:08:26","","0114070261","60","","","0","1","2014/7/9 12:56:04","100002","","","0","2452","100002","顾陆萍","","未知","上海浙旭实业有限公司","2","2014/7/8 16:08:26","1","","正常出库","","","","","","0.000000","0.000000","0.000000","KH04950","","","","","","","0.000000","裸包装","0","","0.000000","","2014/7/9 12:56:11","0","0.000000","0.000000","0.000000","0","","","","","","","","","","","0","","","0","","0","","","",""
"30","103fd240025a4e7e974f9c121f4d04d9","0101","CK1407090017","49c08193cc044d1fb5334bd1fb736a0c","3C25E05030-02","1232207878956","KN1111","上海浙旭实业有限公司","KH04950","","","TJXY鑫顺达13619K","2014/7/8 16:08:26","","正常在库","20","已出库","40","加工成品","018004","开平板","PZ006004001","45","GZ001391","","CD000017","","3.55*1250*2000","3.550000","1250.000000","2000.000000","4.770000","4.770000","4.770000","4.770000","4.770000","4.770000","67.000000","007001                          ","","KH05428","2014/7/8 16:08:26","","0114070261","60","","","0","1","2014/7/9 12:56:04","100002","","","0","2452","100002","顾陆萍","","未知","上海浙旭实业有限公司","2","2014/7/8 16:08:26","1","","正常出库","","","","","","0.000000","0.000000","0.000000","KH04950","","","","","","","0.000000","裸包装","0","","0.000000","","2014/7/9 12:56:11","0","0.000000","0.000000","0.000000","0","","","","","","","","","","","0","","","0","","0","","","",""
"31","0683dc4b25fc41618bb6cf957148441f","0101","CK1407090017","643d8015a5904763976c19ce8c376560","3C25E05030-03","1232207878963","KN1111","上海浙旭实业有限公司","KH04950","","","TJXY鑫顺达13619K","2014/7/8 16:08:26","","正常在库","20","已出库","40","加工成品","018004","开平板","PZ006004001","45","GZ001391","","CD000017","","3.55*1250*2000","3.550000","1250.000000","2000.000000","4.770000","4.770000","4.770000","4.770000","4.770000","4.770000","67.000000","007001                          ","","KH05428","2014/7/8 16:08:26","","0114070261","60","","","0","1","2014/7/9 12:56:04","100002","","","0","2452","100002","顾陆萍","","未知","上海浙旭实业有限公司","2","2014/7/8 16:08:26","1","","正常出库","","","","","","0.000000","0.000000","0.000000","KH04950","","","","","","","0.000000","裸包装","0","","0.000000","","2014/7/9 12:56:11","0","0.000000","0.000000","0.000000","0","","","","","","","","","","","0","","","0","","0","","","",""
"32","806ecd75197442d5964f1fd7c4303539","0101","CK1407090017","21c50e116be4482cab871e73f743313a","3C25E05030-04","1232207878970","KN1111","上海浙旭实业有限公司","KH04950","","","TJXY鑫顺达13619K","2014/7/8 16:08:26","","正常在库","20","已出库","40","加工成品","018004","开平板","PZ006004001","45","GZ001391","","CD000017","","3.55*1250*2000","3.550000","1250.000000","2000.000000","4.340000","4.340000","4.340000","4.340000","4.340000","4.340000","61.000000","007001                          ","","KH05428","2014/7/8 16:08:26","","0114070261","60","","","0","1","2014/7/9 12:56:04","100002","","","0","2452","100002","顾陆萍","","未知","上海浙旭实业有限公司","2","2014/7/8 16:08:26","1","","正常出库","","","","","","0.000000","0.000000","0.000000","KH04950","","","","","","","0.000000","裸包装","0","","0.000000","","2014/7/9 12:56:11","0","0.000000","0.000000","0.000000","0","","","","","","","","","","","0","","","0","","0","","","",""
"33","5c697f164b264c61b8c2ab01e99fa28f","0101","CK1407090017","42b4f9f21df24c06ad6e037c4076c853","3C25E05030-05","1232207878987","KN1111","上海浙旭实业有限公司","KH04950","","","TJXY鑫顺达13619K","2014/7/8 16:08:26","","正常在库","20","已出库","40","加工成品","018004","开平板","PZ006004001","45","GZ001391","","CD000017","","3.55*1250*500/200","3.550000","1250.000000","2000.000000","0.020000","0.020000","0.020000","0.020000","0.020000","0.020000","2.000000","007001                          ","","KH05428","2014/7/8 16:08:26","","0114070261","60","","","0","1","2014/7/9 12:56:04","100002","","","0","2452","100002","顾陆萍","","未知","上海浙旭实业有限公司","2","2014/7/8 16:08:26","1","","正常出库","","","","","","0.000000","0.000000","0.000000","KH04950","","","","","","","0.000000","裸包装","0","","0.000000","","2014/7/9 12:56:11","0","0.000000","0.000000","0.000000","0","","","","","","","","","","","0","","","0","","0","","","",""
"34","7911a7f8a8fa48c4aa599ee8191f5ce7","0101","CK1407090027","e5b4f7cb4c7f48c78e95e182557224a2","R4140902101","1232207909445","CA1672","成都宝钢西部贸易有限公司","KH00004","TI13140600014","R4140902101","I4D0000561","2014/7/5 5:56:00","TI13140600014","正常在库","20","已出库","40","普通货物","018001","直发卷","PZ001001014","SPHC","GZ000005","宝钢","","","2*1500*C","2.000000","1500.000000","0.000000","20.910000","20.910000","20.910000","20.910000","20.910000","0.000000","1.000000","","","KH00004","2014/7/5 9:09:26","RK1407050026","","20","","","1","1","2014/7/9 15:53:31","100003","2014/7/10 10:51:49","100003","0","DC140701174","100003","钱晓平","钢联沪D63635","室内存储","上海富舜贸易有限公司","2","2014/7/5 9:09:26","4","","正常出库","","SPHC","2*1500*C","154276","","0.000000","0.000000","0.000000","KH01276","","","","","","","1683.000000","","0","","0.000000","","2014/7/9 15:53:29","0","0.000000","0.000000","0.000000","0","DC140701174","","","","","","","","","","0","","","0","","0","","","",""
"35","ee02813fa6324d9fad4eda3783776ff9","0101","CK1407090009","3c8a567d1af449b292b257dd90e149cb","X140608031S-01","1232207630592","KB1111","上海博益实业有限公司","KH04500","","","MXD兴宁7720140702O","2014/7/8 15:15:02","","正常在库","20","已出库","40","加工成品","018004","热轧开平板","PZ006004002","Q235B","GZ000419","","CD000057","","3*1250*2500","3.000000","1250.000000","2500.000000","4.733000","4.733000","4.733000","4.733000","4.733000","4.733000","65.000000","007001                          ","","KH01528","2014/7/8 15:15:02","","0114070306","60","","","0","1","2014/7/9 9:58:28","1818","","","0","10","1818","肖萍","","未知","上海博益实业有限公司","2","2014/7/8 15:15:02","1","","正常出库","","","","","","0.000000","0.000000","0.000000","KH04500","","","","","","","0.000000","裸包装","0","","0.000000","","2014/7/9 9:58:42","0","0.000000","0.000000","0.000000","0","","","","","","","","","","","0","","","0","","0","","","",""
"36","4c6aa146390c4579b2ee049361678152","0101","CK1407090009","e0ad9f940b5b4e068a376be11a9e72df","X140608031S-02","1232207630608","KB1111","上海博益实业有限公司","KH04500","","","MXD兴宁7720140702O","2014/7/8 15:15:02","","正常在库","20","已出库","40","加工成品","018004","热轧开平板","PZ006004002","Q235B","GZ000419","","CD000057","","3*1250*2500","3.000000","1250.000000","2500.000000","4.733000","4.733000","4.733000","4.733000","4.733000","4.733000","65.000000","007001                          ","","KH01528","2014/7/8 15:15:02","","0114070306","60","","","0","1","2014/7/9 9:58:28","1818","","","0","10","1818","肖萍","","未知","上海博益实业有限公司","2","2014/7/8 15:15:02","1","","正常出库","","","","","","0.000000","0.000000","0.000000","KH04500","","","","","","","0.000000","裸包装","0","","0.000000","","2014/7/9 9:58:42","0","0.000000","0.000000","0.000000","0","","","","","","","","","","","0","","","0","","0","","","",""
"37","ac3861f6519745f08b519cd5533877ed","0101","CK1407090009","e3cddceb510c4acfa1eae20a13c1619c","X140608031S-03","1232207630837","KB1111","上海博益实业有限公司","KH04500","","","MXD兴宁7720140702O","2014/7/8 15:15:02","","正常在库","20","已出库","40","加工成品","018004","热轧开平板","PZ006004002","Q235B","GZ000419","","CD000057","","3*1250*2500","3.000000","1250.000000","2500.000000","4.733000","4.733000","4.733000","4.733000","4.733000","4.733000","65.000000","007001                          ","","KH01528","2014/7/8 15:15:02","","0114070306","60","","","0","1","2014/7/9 9:58:28","1818","","","0","10","1818","肖萍","","未知","上海博益实业有限公司","2","2014/7/8 15:15:02","1","","正常出库","","","","","","0.000000","0.000000","0.000000","KH04500","","","","","","","0.000000","裸包装","0","","0.000000","","2014/7/9 9:58:42","0","0.000000","0.000000","0.000000","0","","","","","","","","","","","0","","","0","","0","","","",""
"38","1b16c211bf9946929ba2e8f482f7edac","0101","CK1407090009","20284c140d114c08b7ac80bf05c1dee3","X140608031S-04","1232207630844","KB1111","上海博益实业有限公司","KH04500","","","MXD兴宁7720140702O","2014/7/8 15:15:02","","正常在库","20","已出库","40","加工成品","018004","热轧开平板","PZ006004002","Q235B","GZ000419","","CD000057","","3*1250*2500","3.000000","1250.000000","2500.000000","5.024000","5.024000","5.024000","5.024000","5.024000","5.024000","69.000000","007001                          ","","KH01528","2014/7/8 15:15:02","","0114070306","60","","","0","1","2014/7/9 9:58:28","1818","","","0","10","1818","肖萍","","未知","上海博益实业有限公司","2","2014/7/8 15:15:02","1","","正常出库","","","","","","0.000000","0.000000","0.000000","KH04500","","","","","","","0.000000","裸包装","0","","0.000000","","2014/7/9 9:58:42","0","0.000000","0.000000","0.000000","0","","","","","","","","","","","0","","","0","","0","","","",""
"39","48a6f8ec739b4b849ff2b58c804ca5a7","0101","CK1407090019","9fcd4d9586a441caa4feb07eb0acc4c5","1719830310","1231210023803","S1111","广州宝钢南方贸易有限公司","KH00005","TA28140400133","1417198390310","A4B0000595","2014/6/1 9:09:00","TA28140400133","正常在库","20","已出库","40","普通货物","018001","初轧板坯","PZ004002002","1.2311","GZ002861","宝钢","","","170*1600*4000","170.000000","1600.000000","4000.000000","12.260000","12.260000","12.260000","12.260000","12.260000","0.000000","1.000000","","","KH00005","2014/6/2 11:14:08","RK1406020022","","20","","","0","1","2014/7/9 13:22:00","1818","2014/7/22 9:39:34","100033","0","EL1406300038","1818","肖萍","","室内存储","广州宝钢南方贸易有限公司","2","2014/6/2 11:14:08","37","","正常出库","","1.2311","170*1600*4000","171983","","0.000000","0.000000","0.000000","KH00005","","","","","","","576.000000","","0","","0.000000","","2014/7/9 13:21:59","0","0.000000","0.000000","0.000000","0","","","","","","","","","","","0","","","0","","0","","","",""
"40","448982cfca714597a45858e186568af0","0101","CK1407110006","0e6d7a09fac74bd59b93abf24d68874d","D140325751D-01","1232207618057","KB1111","上海新特金属有限公司","KH00769","","","SXJM富翔1020140414F","2014/7/9 11:47:04","","正常在库","20","已出库","40","加工余料","018005","带钢","PZ001001030","SPHC","GZ000005","本钢","CD000057","","2.5*328*0","2.500000","328.000000","0.000000","2.460000","2.460000","2.460000","2.460000","2.460000","2.460000","1.000000","","","KH04647","2014/7/9 11:47:04","","0114070376","60","","","0","1","2014/7/11 9:42:17","1818","","","0","5630","1818","肖萍","","未知","上海新特金属有限公司","2","2014/7/9 11:47:04","2","","正常出库","","","","","","0.000000","0.000000","0.000000","KH00769","","","","","","","0.000000","","0","","0.000000","","2014/7/11 9:42:25","0","0.000000","0.000000","0.000000","0","","","","","","","","","","","0","","","0","","0","","","",""
"41","18f26033fb0b492fa637e38f7efe4a38","0101","CK1407110006","1463f45bd4aa45248bf6cd20ab4c6ea0","D140325751D-02","1232207618064","KB1111","上海新特金属有限公司","KH00769","","","SXJM富翔1020140414F","2014/7/9 11:47:04","","正常在库","20","已出库","40","加工余料","018005","带钢","PZ001001030","SPHC","GZ000005","本钢","CD000057","","2.5*192*0","2.500000","192.000000","0.000000","1.440000","1.440000","1.440000","1.440000","1.440000","1.440000","1.000000","","","KH04647","2014/7/9 11:47:04","","0114070376","60","","","0","1","2014/7/11 9:42:17","1818","","","0","5630","1818","肖萍","","未知","上海新特金属有限公司","2","2014/7/9 11:47:04","2","","正常出库","","","","","","0.000000","0.000000","0.000000","KH00769","","","","","","","0.000000","","0","","0.000000","","2014/7/11 9:42:25","0","0.000000","0.000000","0.000000","0","","","","","","","","","","","0","","","0","","0","","","",""
"42","fca436752aee4dcca5bc0b708deafe39","0101","CK1407110006","4ba7f36badc34ae8bbe861ec76bd1887","D140325751D-03","1232207618071","KB1111","上海新特金属有限公司","KH00769","","","SXJM富翔1020140414F","2014/7/9 11:47:04","","正常在库","20","已出库","40","加工余料","018005","带钢","PZ001001030","SPHC","GZ000005","本钢","CD000057","","2.5*544*0","2.500000","544.000000","0.000000","4.070000","4.070000","4.070000","4.070000","4.070000","4.070000","1.000000","","","KH04647","2014/7/9 11:47:04","","0114070376","60","","","0","1","2014/7/11 9:42:17","1818","","","0","5630","1818","肖萍","","未知","上海新特金属有限公司","2","2014/7/9 11:47:04","2","","正常出库","","","","","","0.000000","0.000000","0.000000","KH00769","","","","","","","0.000000","","0","","0.000000","","2014/7/11 9:42:25","0","0.000000","0.000000","0.000000","0","","","","","","","","","","","0","","","0","","0","","","",""
"43","3485c3b07b8c4190b1ff4af902376b16","0101","CK1407110006","839b6e68337245be9253f90546e3aa35","D140325751D-04","1232207618088","KB1111","上海新特金属有限公司","KH00769","","","SXJM富翔1020140414F","2014/7/9 11:47:04","","正常在库","20","已出库","40","加工余料","018005","带钢","PZ001001030","SPHC","GZ000005","本钢","CD000057","","2.5*436*0","2.500000","436.000000","0.000000","3.260000","3.260000","3.260000","3.260000","3.260000","3.260000","1.000000","","","KH04647","2014/7/9 11:47:04","","0114070376","60","","","0","1","2014/7/11 9:42:17","1818","","","0","5630","1818","肖萍","","未知","上海新特金属有限公司","2","2014/7/9 11:47:04","2","","正常出库","","","","","","0.000000","0.000000","0.000000","KH00769","","","","","","","0.000000","","0","","0.000000","","2014/7/11 9:42:25","0","0.000000","0.000000","0.000000","0","","","","","","","","","","","0","","","0","","0","","","",""
"44","4bbcec739bbf4e4485c01209293b5ab2","0101","CK1407110006","9223d90a4daa4573b932732129dce0a0","D140325751D-05","1232207618095","KB1111","上海新特金属有限公司","KH00769","","","SXJM富翔1020140414F","2014/7/9 11:47:04","","正常在库","20","已出库","40","加工余料","018005","带钢","PZ001001030","SPHC","GZ000005","本钢","CD000057","","2.5*328*0","2.500000","328.000000","0.000000","2.500000","2.500000","2.500000","2.500000","2.500000","2.500000","1.000000","","","KH04647","2014/7/9 11:47:04","","0114070376","60","","","0","1","2014/7/11 9:42:18","1818","","","0","5630","1818","肖萍","","未知","上海新特金属有限公司","2","2014/7/9 11:47:04","2","","正常出库","","","","","","0.000000","0.000000","0.000000","KH00769","","","","","","","0.000000","","0","","0.000000","","2014/7/11 9:42:25","0","0.000000","0.000000","0.000000","0","","","","","","","","","","","0","","","0","","0","","","",""
"45","253d537c849a4c1d91e4893179b7dee8","0101","CK1407100007","ac3eb281ebf146c69c0147d8a7d82340","45116450-07","1232207906291","S1111","上海宝钢包装钢带有限公司","KH02399","","","BZGD140603","2014/7/10 9:56:44","","正常在库","20","已出库","40","加工成品","018004","带钢","PZ001001030","Q345B","GZ000887","宁波钢铁","CD000229","","3.1*边丝*2/板头*1","3.100000","392.000000","0.000000","0.230000","0.230000","0.230000","0.230000","0.230000","0.230000","3.000000","007001                          ","","KH02399","2014/7/10 9:56:44","","0114070434","60","","","0","1","2014/7/10 10:03:52","100006","2014/7/14 20:08:58","100034","0","YA14700044","100006","肖燕","","未知","上海宝钢包装钢带有限公司","2","2014/7/10 9:56:44","0","","正常出库","","","","","","0.000000","0.000000","0.000000","KH02399","","","","","","","0.000000","裸包装","0","","0.000000","","2014/7/10 10:03:52","0","0.000000","0.000000","0.000000","0","","","","","","","","","","","0","","","0","","0","","","",""
"46","c2f994ef980248a98614788f81f098d3","0101","CK1407110005","5b40757ab4144723aab0702f3dbf32e5","114584902100","1231210023780","IA1511","武汉宝钢华中贸易有限公司","KH00132","TI151405000154","114584902100","I4LC000344","2014/6/15 15:43:00","TI151405000154","正常在库","20","已出库","40","普通货物","018001","直发卷","PZ001001014","QStE420TM","GZ000052","宝钢","","","6*1250*C","6.000000","1250.000000","0.000000","23.440000","23.440000","23.440000","23.440000","23.440000","0.000000","1.000000","","","KH00132","2014/6/16 8:41:35","RK1406160003","","20","","","1","1","2014/7/11 9:37:46","100003","2014/7/22 10:10:05","100003","0","DC140605563","100003","钱晓平","","室内存储","上海共佳品种钢有限公司","2","2014/6/16 8:41:35","25","","正常出库","直发卷","QStE420TM","6*1250*C","14405501","","0.000000","0.000000","0.000000","KH04157","","","","","","","0.000000","","0","","0.000000","","2014/7/11 9:37:45","0","0.000000","0.000000","0.000000","0","DC140605563","","","","","","","","","","0","","","0","","0","","","",""
"47","11bba0ee20064329910b72a7aa5b4473","0101","CK1407110008","9124816d1db4409f94c840011a7aeda9","D140617035D-01","1232207640324","KB1111","上海谨宝实业有限公司","KH05882","","","MXD兴宁7720140702W","2014/7/11 6:19:37","","正常在库","20","已出库","40","加工成品","018004","开平板","PZ006004","Q235B","GZ000419","","CD000057","","3.75*1500*4000","3.750000","1500.000000","4000.000000","7.320000","7.320000","7.320000","7.320000","7.320000","7.320000","42.000000","","","KH01528","2014/7/11 6:19:37","","0114070571","60","","","0","1","2014/7/11 10:05:21","100003","","","0","SHDZ8886","100003","钱晓平","","未知","上海谨宝实业有限公司","2","2014/7/11 6:19:37","0","","正常出库","","","","","","0.000000","0.000000","0.000000","KH05882","","","","","","","0.000000","","0","","0.000000","","2014/7/11 10:05:20","0","0.000000","0.000000","0.000000","0","DC140605563","","","","","","","","","","0","","","0","","0","","","",""
"48","5e413d4fd4ca4d02abb198df2b6d60ca","0101","CK1407110008","215c1564c5f2445b90795983002174d2","D140617035D-02","1232207640331","KB1111","上海谨宝实业有限公司","KH05882","","","MXD兴宁7720140702W","2014/7/11 6:19:37","","正常在库","20","已出库","40","加工成品","018004","开平板","PZ006004","Q235B","GZ000419","","CD000057","","3.75*1500*4000","3.750000","1500.000000","4000.000000","7.320000","7.320000","7.320000","7.320000","7.320000","7.320000","42.000000","","","KH01528","2014/7/11 6:19:37","","0114070571","60","","","0","1","2014/7/11 10:05:21","100003","","","0","SHDZ8886","100003","钱晓平","","未知","上海谨宝实业有限公司","2","2014/7/11 6:19:37","0","","正常出库","","","","","","0.000000","0.000000","0.000000","KH05882","","","","","","","0.000000","","0","","0.000000","","2014/7/11 10:05:20","0","0.000000","0.000000","0.000000","0","DC140605563","","","","","","","","","","0","","","0","","0","","","",""
"49","845bdcfe3ec241e5886837de36a06e97","0101","CK1407110008","4b5fb1f2ebec4c0a848f7937aaf32f8d","D140617035D-03","1232207640348","KB1111","上海谨宝实业有限公司","KH05882","","","MXD兴宁7720140702W","2014/7/11 6:19:37","","正常在库","20","已出库","40","加工成品","018004","开平板","PZ006004","Q235B","GZ000419","","CD000057","","3.75*1500*4000","3.750000","1500.000000","4000.000000","7.500000","7.500000","7.500000","7.500000","7.500000","7.500000","43.000000","","","KH01528","2014/7/11 6:19:37","","0114070571","60","","","0","1","2014/7/11 10:05:21","100003","","","0","SHDZ8886","100003","钱晓平","","未知","上海谨宝实业有限公司","2","2014/7/11 6:19:37","0","","正常出库","","","","","","0.000000","0.000000","0.000000","KH05882","","","","","","","0.000000","","0","","0.000000","","2014/7/11 10:05:20","0","0.000000","0.000000","0.000000","0","DC140605563","","","","","","","","","","0","","","0","","0","","","",""
"50","b3bada26da2642aea522008baca499ac","0101","CK1407110008","fdb8694892b044b69c6ef4a0cc29c7c6","D140617035D-04","1232207640355","KB1111","上海谨宝实业有限公司","KH05882","","","MXD兴宁7720140702W","2014/7/11 6:19:37","","正常在库","20","已出库","40","加工成品","018004","开平板","PZ006004","Q235B","GZ000419","","CD000057","","3.75*1500*480/1780","3.750000","1500.000000","4000.000000","0.100000","0.100000","0.100000","0.100000","0.100000","0.100000","2.000000","","","KH01528","2014/7/11 6:19:37","","0114070571","60","","","0","1","2014/7/11 10:05:21","100003","","","0","SHDZ8886","100003","钱晓平","","未知","上海谨宝实业有限公司","2","2014/7/11 6:19:37","0","","正常出库","","","","","","0.000000","0.000000","0.000000","KH05882","","","","","","","0.000000","","0","","0.000000","","2014/7/11 10:05:20","0","0.000000","0.000000","0.000000","0","DC140605563","","","","","","","","","","0","","","0","","0","","","",""
"51","eed0fbafb9a74cc2b96fb98cc55cac3e","0101","CK1407090020","d08ad69040bb48d88b096aa3eada7a0f","1719830710","1232207987726","JA1315","广州宝钢南方贸易有限公司","KH00005","TA28140400130","1417198390710","A4B0000592","2014/6/1 9:12:00","TA28140400130","正常在库","20","已出库","40","普通货物","018001","初轧板坯","PZ004002002","1.2311","GZ002861","宝钢","","","155*1600*4000","155.000000","1600.000000","4000.000000","12.234000","12.234000","12.234000","12.234000","12.234000","0.000000","1.000000","","","KH00005","2014/6/2 11:11:35","RK1406020019","","20","","","0","1","2014/7/9 13:23:54","1818","","","0","EL1407070013","1818","肖萍","","室内存储","广州宝钢南方贸易有限公司","2","2014/6/2 11:11:35","37","","正常出库","","1.2311","155*1600*4000","171983","","0.000000","0.000000","0.000000","KH00005","","","","","","","624.000000","","0","","0.000000","","2014/7/9 13:23:53","0","0.000000","0.000000","0.000000","0","","","","","","","","","","","0","","","0","","0","","","",""
"52","1fc81fea73084aefb6bc690104cebb27","0101","CK1407090020","6fce5cc2a4cc4cac8812220d62972a1b","1719830790","1231210023780","S1111","广州宝钢南方贸易有限公司","KH00005","TA28140400130","1417198390790","A4B0000592","2014/6/1 9:11:00","TA28140400130","正常在库","20","已出库","40","普通货物","018001","初轧板坯","PZ004002002","1.2311","GZ002861","宝钢","","","155*1600*4000","155.000000","1600.000000","4000.000000","12.426000","12.426000","12.426000","12.426000","12.426000","0.000000","1.000000","","","KH00005","2014/6/2 11:11:35","RK1406020019","","20","","","0","1","2014/7/9 13:23:54","1818","2014/7/22 9:39:34","100033","0","EL1407070013","1818","肖萍","","室内存储","广州宝钢南方贸易有限公司","2","2014/6/2 11:11:35","37","","正常出库","","1.2311","155*1600*4000","171983","","0.000000","0.000000","0.000000","KH00005","","","","","","","634.000000","","0","","0.000000","","2014/7/9 13:23:53","0","0.000000","0.000000","0.000000","0","","","","","","","","","","","0","","","0","","0","","","",""
"53","d7e7a1e5378f48e9bb12d617094805fb","0101","CK1407090020","f71eb7e1998b486187a55a1d2bcc0a16","1719830910","1231210030672","S1111","广州宝钢南方贸易有限公司","KH00005","TA28140400128","1417198390910","A4B0000590","2014/6/1 9:10:00","TA28140400128","正常在库","20","已出库","40","普通货物","018001","初轧板坯","PZ004002002","1.2311","GZ002861","宝钢","","","145*1600*4000","145.000000","1600.000000","4000.000000","12.110000","12.110000","12.110000","12.110000","12.110000","0.000000","1.000000","","","KH00005","2014/6/2 11:09:25","RK1406020017","","20","","","0","1","2014/7/9 13:23:54","1818","2014/7/22 9:41:49","100033","0","EL1407070013","1818","肖萍","","室内存储","广州宝钢南方贸易有限公司","2","2014/6/2 11:09:25","37","","正常出库","","1.2311","145*1600*4000","171983","","0.000000","0.000000","0.000000","KH00005","","","","","","","668.000000","","0","","0.000000","","2014/7/9 13:23:53","0","0.000000","0.000000","0.000000","0","","","","","","","","","","","0","","","0","","0","","","",""
"54","a37b16c44d7f46c491d3c78d9722e4df","0101","CK1407090020","55d3f7697f9c40a3a20fcf1f796e2c0c","1719830990","1231208330937","S1111","广州宝钢南方贸易有限公司","KH00005","TA28140400128","1417198390990","A4B0000590","2014/6/1 9:11:00","TA28140400128","正常在库","20","已出库","40","普通货物","018001","初轧板坯","PZ004002002","1.2311","GZ002861","宝钢","","","145*1600*4000","145.000000","1600.000000","4000.000000","12.170000","12.170000","12.170000","12.170000","12.170000","0.000000","1.000000","","","KH00005","2014/6/2 11:09:25","RK1406020017","","20","","","0","1","2014/7/9 13:23:54","1818","2014/7/22 9:41:49","100033","0","EL1407070013","1818","肖萍","","室内存储","广州宝钢南方贸易有限公司","2","2014/6/2 11:09:25","37","","正常出库","","1.2311","145*1600*4000","171983","","0.000000","0.000000","0.000000","KH00005","","","","","","","671.000000","","0","","0.000000","","2014/7/9 13:23:53","0","0.000000","0.000000","0.000000","0","","","","","","","","","","","0","","","0","","0","","","",""
"55","25c96a66bf3b4015a58b1c07e5429a10","0101","CK1407100040","9024e92cc16a46b19f9028b7cf9929aa","140613334P","1232207906659","DE2112","山西焦煤集团国际贸易有限责任公司","KH04647","","","SXJM兴宁77140702ZO","2014/7/2 0:57:00","","正常在库","20","已出库","40","普通货物","018001","热卷","PZ001001004","SPHC","GZ000005","本钢","CD000057","","2*1015*0","2.000000","1015.000000","0.000000","16.710000","16.710000","16.710000","16.710000","16.710000","0.000000","1.000000","","","KH04647","2014/7/2 12:14:38","RK1407020110","","20","","","0","1","2014/7/10 19:53:31","1919","2014/7/15 9:41:06","100003","0","2014-07-01","1919","徐雨亭","","室内存储","山西焦煤集团国际贸易有限责任公司","6","2014/7/2 12:14:38","8","","正常出库","","","","","","1.000000","0.000000","0.000000","KH04647","","","","","","","0.000000","","0","","0.000000","","2014/7/10 19:53:31","0","0.000000","0.000000","0.000000","0","","","","","","","","","","","0","","","0","","0","","","",""
"56","e252450c178e46eba6551e35a02c54a1","0101","CK1407100040","a6ed702d8a594cf8963c8a3bfc9026ae","140613331P","1232207902880","BA1111","山西焦煤集团国际贸易有限责任公司","KH04647","","","SXJM兴宁77140702ZO","2014/7/1 9:21:00","","正常在库","20","已出库","40","普通货物","018001","热卷","PZ001001004","SPHC","GZ000005","本钢","CD000057","","2*1015*0","2.000000","1015.000000","0.000000","16.670000","16.670000","16.670000","16.670000","16.670000","0.000000","1.000000","","","KH04647","2014/7/2 12:14:38","RK1407020110","","20","","","0","1","2014/7/10 19:53:31","1919","2014/7/15 9:41:06","100003","0","2014-07-01","1919","徐雨亭","","室内存储","山西焦煤集团国际贸易有限责任公司","6","2014/7/2 12:14:38","8","","正常出库","","","","","","1.000000","0.000000","0.000000","KH04647","","","","","","","0.000000","","0","","0.000000","","2014/7/10 19:53:31","0","0.000000","0.000000","0.000000","0","","","","","","","","","","","0","","","0","","0","","","",""
"57","c58fa8b3e82b4fcc89bf19bd733d0762","0101","CK1407100040","6849bf226d9c40d59b79eab80d6790c6","14061333AP","1232207905379","IB2312","山西焦煤集团国际贸易有限责任公司","KH04647","","","SXJM兴宁77140702ZO","2014/7/1 22:51:00","","正常在库","20","已出库","40","普通货物","018001","热卷","PZ001001004","SPHC","GZ000005","本钢","CD000057","","2*1015*0","2.000000","1015.000000","0.000000","16.680000","16.680000","16.680000","16.680000","16.680000","0.000000","1.000000","","","KH04647","2014/7/2 12:14:38","RK1407020110","","20","","","0","1","2014/7/10 19:53:31","1919","2014/7/15 9:41:06","100003","0","2014-07-01","1919","徐雨亭","","室内存储","山西焦煤集团国际贸易有限责任公司","6","2014/7/2 12:14:38","8","","正常出库","","","","","","1.000000","0.000000","0.000000","KH04647","","","","","","","0.000000","","0","","0.000000","","2014/7/10 19:53:31","0","0.000000","0.000000","0.000000","0","","","","","","","","","","","0","","","0","","0","","","",""
"58","8990e1892713482eb168144405daad9f","0101","CK1407100040","97ce3fb04009405bad6c2366a74b44c1","140613339P","1231210184160","1111 1","山西焦煤集团国际贸易有限责任公司","KH04647","","","SXJM兴宁77140702ZO","2014/7/1 22:45:00","","正常在库","20","已出库","40","普通货物","018001","热卷","PZ001001004","SPHC","GZ000005","本钢","CD000057","","2*1015*0","2.000000","1015.000000","0.000000","16.690000","16.690000","16.690000","16.690000","16.690000","0.000000","1.000000","","","KH04647","2014/7/2 12:14:38","RK1407020110","","20","","","0","1","2014/7/10 19:53:31","1919","2014/7/15 9:41:06","100003","0","2014-07-01","1919","徐雨亭","","室内存储","山西焦煤集团国际贸易有限责任公司","2","2014/7/2 12:14:38","8","","正常出库","","","","","","1.000000","0.000000","0.000000","KH04647","","","","","","","0.000000","","0","","0.000000","","2014/7/10 19:53:31","0","0.000000","0.000000","0.000000","0","","","","","","","","","","","0","","","0","","0","","","",""
"59","a15715aab2d04e76843a969d633b3988","0101","CK1407100040","64e9f028d2be4283a8311e0249d68208","140623251S","1231210184092","1111 1","山西焦煤集团国际贸易有限责任公司","KH04647","","","SXJM兴宁77140702ZO","2014/7/1 13:23:00","","正常在库","20","已出库","40","普通货物","018001","热卷","PZ001001004","SPHC","GZ000005","本钢","CD000057","","2*1015*0","2.000000","1015.000000","0.000000","16.388000","16.388000","16.388000","16.388000","16.388000","0.000000","1.000000","","","KH04647","2014/7/2 12:14:38","RK1407020110","","20","","","0","1","2014/7/10 19:53:31","1919","2014/7/15 9:41:06","100003","0","2014-07-01","1919","徐雨亭","","室内存储","山西焦煤集团国际贸易有限责任公司","2","2014/7/2 12:14:38","8","","正常出库","","","","","","1.000000","0.000000","0.000000","KH04647","","","","","","","0.000000","","0","","0.000000","","2014/7/10 19:53:31","0","0.000000","0.000000","0.000000","0","","","","","","","","","","","0","","","0","","0","","","",""
"60","e6685ed45af64af6853f85aee81790f0","0101","CK1407100040","77279658a1bf4bbb92321098247decc1","140605471S","1232207998814","CE1152","山西焦煤集团国际贸易有限责任公司","KH04647","","","SXJM兴宁77140702ZO","2014/7/1 8:23:00","","正常在库","20","已出库","40","普通货物","018001","热卷","PZ001001004","SPHC","GZ000005","本钢","CD000057","","2*1015*0","2.000000","1015.000000","0.000000","16.630000","16.630000","16.630000","16.630000","16.630000","0.000000","1.000000","","","KH04647","2014/7/2 12:14:38","RK1407020110","","20","","","0","1","2014/7/10 19:53:31","1919","2014/7/15 9:41:06","100003","0","2014-07-01","1919","徐雨亭","","室内存储","山西焦煤集团国际贸易有限责任公司","6","2014/7/2 12:14:38","8","","正常出库","","","","","","1.000000","0.000000","0.000000","KH04647","","","","","","","0.000000","","0","","0.000000","","2014/7/10 19:53:31","0","0.000000","0.000000","0.000000","0","","","","","","","","","","","0","","","0","","0","","","",""
"61","bee7fe0ad0a84a1d9514e80274a15703","0101","CK1407090021","acc960e83c2e48868def29eab76f7b7c","N4137101030","1232207908011","EE1212","宝山钢铁股份有限公司物流室","KH01626","","","PA40247001","2014/7/5 8:53:07","","正常在库","20","已出库","40","普通货物","018001","板坯","PZ004002001","00","GZ001812","宝钢","CD000002","","00","0.000000","0.000000","0.000000","24.088000","24.088000","24.088000","24.088000","24.088000","0.000000","1.000000","","","KH01626","2014/7/5 8:25:08","RK1407050007","","20","83369800300","","0","1","2014/7/9 13:22:38","100003","","","0","BGTAB1407090016","100003","钱晓平","","室内存储","宝山钢铁股份有限公司物流室","2","2014/7/5 8:25:08","4","","正常出库","","","","","","1.000000","0.000000","0.000000","KH01626","","","","","","","0.000000","","0","","0.000000","","2014/7/9 13:22:37","0","0.000000","0.000000","0.000000","0","","","","","","","","","","","0","","","0","","0","","","",""
"62","43af083cb4c84fed860b2a8b7f65ef83","0101","CK1407090032","547487be80f14e81a070c31bb0847789","1114009213-01","1232207620371","KB1111","上海川凤金属材料有限公司","KH02920","TI151403000009","1114009213","I4K0000078","2014/7/8 15:11:49","TI151403000009","正常在库","20","已出库","40","加工余料","018005","带钢","PZ001001030","15CrMo","GZ000527","宝钢","","","3.75*250*0","3.750000","250.000000","0.000000","4.160000","4.160000","4.160000","4.160000","4.160000","4.160000","1.000000","007001                          ","","KH05188","2014/7/8 15:11:49","","0114070307","60","","","0","1","2014/7/9 17:33:08","100003","","","0","04070702","100003","钱晓平","","未知","上海川凤金属材料有限公司","2","2014/7/8 15:11:49","1","","正常出库","","","","14404140","","0.000000","0.000000","0.000000","KH02920","","","","","","","0.000000","裸包装","0","","0.000000","","2014/7/9 17:33:06","0","0.000000","0.000000","0.000000","0","DC140701174","","","","","","","","","","0","","","0","","0","","","",""
"63","a60ef14f875f4296828e41dc4d894f38","0101","CK1407090032","b3a14e9f8c57496b98186c5aa5fcaebb","1114009213-02","1232207620388","KB1111","上海川凤金属材料有限公司","KH02920","TI151403000009","1114009213","I4K0000078","2014/7/8 15:11:49","TI151403000009","正常在库","20","已出库","40","加工余料","018005","带钢","PZ001001030","15CrMo","GZ000527","宝钢","","","3.75*250*0","3.750000","250.000000","0.000000","4.160000","4.160000","4.160000","4.160000","4.160000","4.160000","1.000000","007001                          ","","KH05188","2014/7/8 15:11:49","","0114070307","60","","","0","1","2014/7/9 17:33:08","100003","","","0","04070702","100003","钱晓平","","未知","上海川凤金属材料有限公司","2","2014/7/8 15:11:49","1","","正常出库","","","","14404140","","0.000000","0.000000","0.000000","KH02920","","","","","","","0.000000","裸包装","0","","0.000000","","2014/7/9 17:33:06","0","0.000000","0.000000","0.000000","0","DC140701174","","","","","","","","","","0","","","0","","0","","","",""
"64","6ac55c14da824308912a45601e60b0ee","0101","CK1407090032","08d47138a5594fd59ea84866f8347a35","1114009213-03","1232207620395","KB1111","上海川凤金属材料有限公司","KH02920","TI151403000009","1114009213","I4K0000078","2014/7/8 15:11:49","TI151403000009","正常在库","20","已出库","40","加工余料","018005","带钢","PZ001001030","15CrMo","GZ000527","宝钢","","","3.75*250*0","3.750000","250.000000","0.000000","4.160000","4.160000","4.160000","4.160000","4.160000","4.160000","1.000000","007001                          ","","KH05188","2014/7/8 15:11:49","","0114070307","60","","","0","1","2014/7/9 17:33:08","100003","","","0","04070702","100003","钱晓平","","未知","上海川凤金属材料有限公司","2","2014/7/8 15:11:49","1","","正常出库","","","","14404140","","0.000000","0.000000","0.000000","KH02920","","","","","","","0.000000","裸包装","0","","0.000000","","2014/7/9 17:33:06","0","0.000000","0.000000","0.000000","0","DC140701174","","","","","","","","","","0","","","0","","0","","","",""
"65","3b7a52a7c8f2430b93962912a7b49e9c","0101","CK1407090032","29d7f7b3cc6b4e68aad8e73ce2ff7e43","1114009213-04","1232207620401","KB1111","上海川凤金属材料有限公司","KH02920","TI151403000009","1114009213","I4K0000078","2014/7/8 15:11:49","TI151403000009","正常在库","20","已出库","40","加工余料","018005","带钢","PZ001001030","15CrMo","GZ000527","宝钢","","","3.75*250*0","3.750000","250.000000","0.000000","4.160000","4.160000","4.160000","4.160000","4.160000","4.160000","1.000000","007001                          ","","KH05188","2014/7/8 15:11:49","","0114070307","60","","","0","1","2014/7/9 17:33:08","100003","","","0","04070702","100003","钱晓平","","未知","上海川凤金属材料有限公司","2","2014/7/8 15:11:49","1","","正常出库","","","","14404140","","0.000000","0.000000","0.000000","KH02920","","","","","","","0.000000","裸包装","0","","0.000000","","2014/7/9 17:33:06","0","0.000000","0.000000","0.000000","0","DC140701174","","","","","","","","","","0","","","0","","0","","","",""
"66","7014ab51ebda4e1091e1bb11e582fb77","0101","CK1407090032","6ba23cc7bae74ceba8db210ac5c60989","1114009213-05","1232207620418","KB1111","上海川凤金属材料有限公司","KH02920","TI151403000009","1114009213","I4K0000078","2014/7/8 15:11:49","TI151403000009","正常在库","20","已出库","40","加工余料","018005","带钢","PZ001001030","15CrMo","GZ000527","宝钢","","","3.75*250*0","3.750000","250.000000","0.000000","4.160000","4.160000","4.160000","4.160000","4.160000","4.160000","1.000000","007001                          ","","KH05188","2014/7/8 15:11:49","","0114070307","60","","","0","1","2014/7/9 17:33:08","100003","","","0","04070702","100003","钱晓平","","未知","上海川凤金属材料有限公司","2","2014/7/8 15:11:49","1","","正常出库","","","","14404140","","0.000000","0.000000","0.000000","KH02920","","","","","","","0.000000","裸包装","0","","0.000000","","2014/7/9 17:33:06","0","0.000000","0.000000","0.000000","0","DC140701174","","","","","","","","","","0","","","0","","0","","","",""
"67","0e1746c05f8043ae996ea238a00db9e2","0101","CK1407090032","7fcb81bdc5c34cc7929830ba15961395","1114009213-06","1232207620425","KB1111","上海川凤金属材料有限公司","KH02920","TI151403000009","1114009213","I4K0000078","2014/7/8 15:11:49","TI151403000009","正常在库","20","已出库","40","加工余料","018005","带钢","PZ001001030","15CrMo","GZ000527","宝钢","","","3.75*245*0","3.750000","245.000000","0.000000","4.070000","4.070000","4.070000","4.070000","4.070000","4.070000","1.000000","007001                          ","","KH05188","2014/7/8 15:11:49","","0114070307","60","","","0","1","2014/7/9 17:33:08","100003","","","0","04070702","100003","钱晓平","","未知","上海川凤金属材料有限公司","2","2014/7/8 15:11:49","1","","正常出库","","","","14404140","","0.000000","0.000000","0.000000","KH02920","","","","","","","0.000000","裸包装","0","","0.000000","","2014/7/9 17:33:06","0","0.000000","0.000000","0.000000","0","DC140701174","","","","","","","","","","0","","","0","","0","","","",""
"68","37ec2b2979f84a899cd1c3bae3ba0891","0101","CK1407090032","83cefe57ad0c459391a58d504992113e","1114009213-07","1232207620432","KB1111","上海川凤金属材料有限公司","KH02920","TI151403000009","1114009213","I4K0000078","2014/7/8 15:11:49","TI151403000009","正常在库","20","已出库","40","加工余料","018005","带钢","PZ001001030","15CrMo","GZ000527","宝钢","","","3.75边丝*0","3.750000","250.000000","0.000000","0.280000","0.280000","0.280000","0.280000","0.280000","0.280000","2.000000","007001                          ","","KH05188","2014/7/8 15:11:49","","0114070307","60","","","0","1","2014/7/9 17:33:08","100003","","","0","04070702","100003","钱晓平","","未知","上海川凤金属材料有限公司","2","2014/7/8 15:11:49","1","","正常出库","","","","14404140","","0.000000","0.000000","0.000000","KH02920","","","","","","","0.000000","裸包装","0","","0.000000","","2014/7/9 17:33:06","0","0.000000","0.000000","0.000000","0","DC140701174","","","","","","","","","","0","","","0","","0","","","",""
"69","c9fa463501d0440f80a01820bc71cec2","0101","CK1407090021","74bd640cb80c406aa8b5b82ef641c740","N4232451050","1232207907991","EE1211","宝山钢铁股份有限公司物流室","KH01626","","","PA40247001","2014/7/5 8:53:07","","正常在库","20","已出库","40","普通货物","018001","板坯","PZ004002001","00","GZ001812","宝钢","CD000002","","00","0.000000","0.000000","0.000000","23.767000","23.767000","23.767000","23.767000","23.767000","0.000000","1.000000","","","KH01626","2014/7/5 8:25:08","RK1407050007","","20","83369900500","","0","1","2014/7/9 13:22:38","100003","","","0","BGTAB1407090016","100003","钱晓平","","室内存储","宝山钢铁股份有限公司物流室","2","2014/7/5 8:25:08","4","","正常出库","","","","","","1.000000","0.000000","0.000000","KH01626","","","","","","","0.000000","","0","","0.000000","","2014/7/9 13:22:37","0","0.000000","0.000000","0.000000","0","","","","","","","","","","","0","","","0","","0","","","",""
"70","45baf80c805d48eb9f925772fbf2711c","0101","CK1407100035","285df371725743648d24985b5d779a58","X140600181S","1232207999484","CA2311","山西焦煤集团国际贸易有限责任公司","KH04647","","","SXJM锦江河20140617ZD","2014/6/16 13:17:00","","正常在库","20","已出库","40","普通货物","018001","热卷","PZ001001004","SPHC","GZ000005","本钢","CD000057","","3.5*1215*0","3.500000","1215.000000","0.000000","19.740000","19.740000","19.740000","19.740000","19.740000","0.000000","1.000000","","","KH04647","2014/6/17 10:45:05","RK1406170029","","20","","","0","1","2014/7/10 19:16:05","1919","2014/7/15 9:41:32","100003","0","2014-07-01","1919","徐雨亭","","室内存储","上海鸿厚贸易有限公司","2","2014/6/17 10:45:05","23","","正常出库","","","","","","1.000000","0.000000","0.000000","KH04928","","","","","","","0.000000","","0","","0.000000","","2014/7/10 19:16:05","0","0.000000","0.000000","0.000000","0","","","","","","","","","","","0","","","0","","0","","","",""
"71","4cde88d32445472d880af308d4c724a3","0101","CK1407100046","2c90fe39217246a69b475b0eda9cf3ef","140526342S","1232207993369","CF2132","山西焦煤集团国际贸易有限责任公司","KH04647","","","SXJM兴宁120140610ZV","2014/6/10 12:19:00","","正常在库","20","已出库","40","普通货物","018001","热卷","PZ001001004","SPHC","GZ000005","本钢","CD000057","","6*1060*0","6.000000","1060.000000","0.000000","16.720000","16.720000","16.720000","16.720000","16.720000","0.000000","1.000000","","","KH04647","2014/6/11 8:41:02","RK1406110003","","20","","","0","1","2014/7/10 21:02:01","1919","2014/7/15 9:41:45","100003","0","2014-07-01","1919","徐雨亭","","室内存储","上海鸿厚贸易有限公司","2","2014/6/11 8:41:02","30","","正常出库","","","","","","1.000000","0.000000","0.000000","KH04928","","","","","","","0.000000","","0","","0.000000","","2014/7/10 21:02:01","0","0.000000","0.000000","0.000000","0","","","","","","","","","","","0","","","0","","0","","","",""
"72","2ff1648a41be40e0a7eb544bf72b053f","0101","CK1407100027","adcb77a28fa34124a458383a215513b1","R4134202701-01","1232207878222","KN1111","上海圣冶实业有限公司","KH01074","TI15140600059","R4134202701","I4DC000225","2014/7/10 1:05:48","TI15140600059","正常在库","20","已出库","40","加工成品","018004","开平板","PZ006004","B510L","GZ000241","","","","3.2*1250*2230","3.200000","1250.000000","2230.000000","3.740000","3.740000","3.740000","3.740000","3.740000","3.740000","53.000000","007001                          ","","KH00004","2014/7/10 1:05:48","","0114070455","60","","","0","1","2014/7/10 16:31:32","100003","","","0","33584","100003","钱晓平","","未知","上海圣冶实业有限公司","2","2014/7/10 1:05:48","1","","正常出库","","","","153891","","0.000000","0.000000","0.000000","KH01074","","","","","","","0.000000","裸包装","0","","0.000000","","2014/7/10 16:31:30","0","0.000000","0.000000","0.000000","0","","","","","","","","","","","0","","","0","","0","","","",""
"73","752edd4d091542abae5e57b82b9a1741","0101","CK1407100027","cc21b7a79642406ca30a46941dbbe840","R4134202800-01","1232207891238","KN1111","上海圣冶实业有限公司","KH01074","TI15140600059","R4134202800","I4DC000225","2014/7/10 1:05:48","TI15140600059","正常在库","20","已出库","40","加工成品","018004","开平板","PZ006004","B510L","GZ000241","","","","3.2*1250*2230","3.200000","1250.000000","2230.000000","3.470000","3.470000","3.470000","3.470000","3.470000","3.470000","49.000000","007001                          ","","KH00004","2014/7/10 1:05:48","","0114070455","60","","","0","1","2014/7/10 16:31:32","100003","","","0","33584","100003","钱晓平","","未知","上海圣冶实业有限公司","2","2014/7/10 1:05:48","1","","正常出库","","","","153891","","0.000000","0.000000","0.000000","KH01074","","","","","","","0.000000","裸包装","0","","0.000000","","2014/7/10 16:31:30","0","0.000000","0.000000","0.000000","0","","","","","","","","","","","0","","","0","","0","","","",""
"74","3f3700cdac1d4de791af67fa247504c0","0101","CK1407100027","785ff6d804844ffb9788b2dbd4ab8cb1","R4134202800-02","1232207891245","KN1111","上海圣冶实业有限公司","KH01074","TI15140600059","R4134202800","I4DC000225","2014/7/10 1:05:48","TI15140600059","正常在库","20","已出库","40","加工成品","018004","开平板","PZ006004","B510L","GZ000241","","","","3.2*1250*2230","3.200000","1250.000000","2230.000000","3.470000","3.470000","3.470000","3.470000","3.470000","3.470000","49.000000","007001                          ","","KH00004","2014/7/10 1:05:48","","0114070455","60","","","0","1","2014/7/10 16:31:32","100003","","","0","33584","100003","钱晓平","","未知","上海圣冶实业有限公司","2","2014/7/10 1:05:48","1","","正常出库","","","","153891","","0.000000","0.000000","0.000000","KH01074","","","","","","","0.000000","裸包装","0","","0.000000","","2014/7/10 16:31:30","0","0.000000","0.000000","0.000000","0","","","","","","","","","","","0","","","0","","0","","","",""
"75","1c6bc55421924c54bc263e4c7d413cbd","0101","CK1407100027","046e69c811e649beb9130666dd94f73c","R4134202800-03","1232207891252","KN1111","上海圣冶实业有限公司","KH01074","TI15140600059","R4134202800","I4DC000225","2014/7/10 1:05:48","TI15140600059","正常在库","20","已出库","40","加工成品","018004","开平板","PZ006004","B510L","GZ000241","","","","3.2*1250*2230","3.200000","1250.000000","2230.000000","3.470000","3.470000","3.470000","3.470000","3.470000","3.470000","49.000000","007001                          ","","KH00004","2014/7/10 1:05:48","","0114070455","60","","","0","1","2014/7/10 16:31:32","100003","","","0","33584","100003","钱晓平","","未知","上海圣冶实业有限公司","2","2014/7/10 1:05:48","1","","正常出库","","","","153891","","0.000000","0.000000","0.000000","KH01074","","","","","","","0.000000","裸包装","0","","0.000000","","2014/7/10 16:31:30","0","0.000000","0.000000","0.000000","0","","","","","","","","","","","0","","","0","","0","","","",""
"76","92d3ad69b90a428093dbb9f5201c0115","0101","CK1407100027","371fbbb4ce674891a761e70a3bff660b","R4134202800-04","1232207891269","KN1111","上海圣冶实业有限公司","KH01074","TI15140600059","R4134202800","I4DC000225","2014/7/10 1:05:48","TI15140600059","正常在库","20","已出库","40","加工成品","018004","开平板","PZ006004","B510L","GZ000241","","","","3.2*1250*2230","3.200000","1250.000000","2230.000000","3.470000","3.470000","3.470000","3.470000","3.470000","3.470000","49.000000","007001                          ","","KH00004","2014/7/10 1:05:48","","0114070455","60","","","0","1","2014/7/10 16:31:32","100003","","","0","33584","100003","钱晓平","","未知","上海圣冶实业有限公司","2","2014/7/10 1:05:48","1","","正常出库","","","","153891","","0.000000","0.000000","0.000000","KH01074","","","","","","","0.000000","裸包装","0","","0.000000","","2014/7/10 16:31:30","0","0.000000","0.000000","0.000000","0","","","","","","","","","","","0","","","0","","0","","","",""
"77","59c320bb9518453e9825304c56fb0ca2","0101","CK1407100027","6ae008eade944a40adf39a48e7e41005","R4134202800-05","1232207891276","KN1111","上海圣冶实业有限公司","KH01074","TI15140600059","R4134202800","I4DC000225","2014/7/10 1:05:48","TI15140600059","正常在库","20","已出库","40","加工成品","018004","开平板","PZ006004","B510L","GZ000241","","","","3.2*1250*2230","3.200000","1250.000000","2230.000000","3.470000","3.470000","3.470000","3.470000","3.470000","3.470000","49.000000","007001                          ","","KH00004","2014/7/10 1:05:48","","0114070455","60","","","0","1","2014/7/10 16:31:32","100003","","","0","33584","100003","钱晓平","","未知","上海圣冶实业有限公司","2","2014/7/10 1:05:48","1","","正常出库","","","","153891","","0.000000","0.000000","0.000000","KH01074","","","","","","","0.000000","裸包装","0","","0.000000","","2014/7/10 16:31:30","0","0.000000","0.000000","0.000000","0","","","","","","","","","","","0","","","0","","0","","","",""
"78","2c0e5f38e97a4ffebbaf1164319bc308","0101","CK1407100027","50ca92b7b5624aa9ae37b0217ddc7bdd","R4134202800-06","1232207891122","KN1111","上海圣冶实业有限公司","KH01074","TI15140600059","R4134202800","I4DC000225","2014/7/10 1:05:48","TI15140600059","正常在库","20","已出库","40","加工成品","018004","开平板","PZ006004","B510L","GZ000241","","","","3.2*1250*2230","3.200000","1250.000000","2230.000000","3.120000","3.120000","3.120000","3.120000","3.120000","3.120000","44.000000","007001                          ","","KH00004","2014/7/10 1:05:48","","0114070455","60","","","0","1","2014/7/10 16:31:32","100003","","","0","33584","100003","钱晓平","","未知","上海圣冶实业有限公司","2","2014/7/10 1:05:48","1","","正常出库","","","","153891","","0.000000","0.000000","0.000000","KH01074","","","","","","","0.000000","裸包装","0","","0.000000","","2014/7/10 16:31:30","0","0.000000","0.000000","0.000000","0","","","","","","","","","","","0","","","0","","0","","","",""
"79","e7a2d1dd7b8f4a1c9fbeeef3b1d267e1","0101","CK1407100027","35731e244afe4dd4b2097afe44e5ad37","R4134202800-07","1232207891283","KN1111","上海圣冶实业有限公司","KH01074","TI15140600059","R4134202800","I4DC000225","2014/7/10 1:05:48","TI15140600059","正常在库","20","已出库","40","加工成品","018004","开平板","PZ006004","B510L","GZ000241","","","","3.2*1250*200/670","3.200000","1250.000000","2230.000000","0.020000","0.020000","0.020000","0.020000","0.020000","0.020000","2.000000","007001                          ","","KH00004","2014/7/10 1:05:48","","0114070455","60","","","0","1","2014/7/10 16:31:32","100003","","","0","33584","100003","钱晓平","","未知","上海圣冶实业有限公司","2","2014/7/10 1:05:48","1","","正常出库","","","","153891","","0.000000","0.000000","0.000000","KH01074","","","","","","","0.000000","裸包装","0","","0.000000","","2014/7/10 16:31:30","0","0.000000","0.000000","0.000000","0","","","","","","","","","","","0","","","0","","0","","","",""
"80","d790cea3b5b74f8d8fb4d1306f5e3e2f","0101","CK1407100027","7dd864cf3b9e46f9a77c9e05eb450a69","R4134304101-02","1232207891313","KN1111","上海圣冶实业有限公司","KH01074","TI15140600059","R4134304101","I4DC000225","2014/7/10 1:05:48","TI15140600059","正常在库","20","已出库","40","加工成品","018004","开平板","PZ006004","B510L","GZ000241","","","","3.2*1250*2230","3.200000","1250.000000","2230.000000","3.460000","3.460000","3.460000","3.460000","3.460000","3.460000","49.000000","007001                          ","","KH00004","2014/7/10 1:05:48","","0114070455","60","","","0","1","2014/7/10 16:31:32","100003","","","0","33584","100003","钱晓平","","未知","上海圣冶实业有限公司","2","2014/7/10 1:05:48","1","","正常出库","","","","153891","","0.000000","0.000000","0.000000","KH01074","","","","","","","0.000000","裸包装","0","","0.000000","","2014/7/10 16:31:30","0","0.000000","0.000000","0.000000","0","","","","","","","","","","","0","","","0","","0","","","",""
"81","70aec001190247d49f0dfe5527a65467","0101","CK1407100027","85a8d9225d634d6d8dfd4a91a6ec3d8b","R4134304101-03","1232207891320","KN1111","上海圣冶实业有限公司","KH01074","TI15140600059","R4134304101","I4DC000225","2014/7/10 1:05:48","TI15140600059","正常在库","20","已出库","40","加工成品","018004","开平板","PZ006004","B510L","GZ000241","","","","3.2*1250*2230","3.200000","1250.000000","2230.000000","3.460000","3.460000","3.460000","3.460000","3.460000","3.460000","49.000000","007001                          ","","KH00004","2014/7/10 1:05:48","","0114070455","60","","","0","1","2014/7/10 16:31:32","100003","","","0","33584","100003","钱晓平","","未知","上海圣冶实业有限公司","2","2014/7/10 1:05:48","1","","正常出库","","","","153891","","0.000000","0.000000","0.000000","KH01074","","","","","","","0.000000","裸包装","0","","0.000000","","2014/7/10 16:31:30","0","0.000000","0.000000","0.000000","0","","","","","","","","","","","0","","","0","","0","","","",""
"82","7b6743f961944a2dbd846c08057c4758","0101","CK1407100027","47348ded897248249d4e3356598d8cce","R4134304101-04","1232207891337","KN1111","上海圣冶实业有限公司","KH01074","TI15140600059","R4134304101","I4DC000225","2014/7/10 1:05:48","TI15140600059","正常在库","20","已出库","40","加工成品","018004","开平板","PZ006004","B510L","GZ000241","","","","3.2*1250*2230","3.200000","1250.000000","2230.000000","3.460000","3.460000","3.460000","3.460000","3.460000","3.460000","49.000000","007001                          ","","KH00004","2014/7/10 1:05:48","","0114070455","60","","","0","1","2014/7/10 16:31:32","100003","","","0","33584","100003","钱晓平","","未知","上海圣冶实业有限公司","2","2014/7/10 1:05:48","1","","正常出库","","","","153891","","0.000000","0.000000","0.000000","KH01074","","","","","","","0.000000","裸包装","0","","0.000000","","2014/7/10 16:31:30","0","0.000000","0.000000","0.000000","0","","","","","","","","","","","0","","","0","","0","","","",""
"83","3f5ffc235b084ecca9f730aa39c56e22","0101","CK1407100027","c1291dbfbe244e49b3f0d0e63f50c0a4","R4134304101-05","1232207891344","KN1111","上海圣冶实业有限公司","KH01074","TI15140600059","R4134304101","I4DC000225","2014/7/10 1:05:48","TI15140600059","正常在库","20","已出库","40","加工成品","018004","开平板","PZ006004","B510L","GZ000241","","","","3.2*1250*2230","3.200000","1250.000000","2230.000000","3.460000","3.460000","3.460000","3.460000","3.460000","3.460000","49.000000","007001                          ","","KH00004","2014/7/10 1:05:48","","0114070455","60","","","0","1","2014/7/10 16:31:32","100003","","","0","33584","100003","钱晓平","","未知","上海圣冶实业有限公司","2","2014/7/10 1:05:48","1","","正常出库","","","","153891","","0.000000","0.000000","0.000000","KH01074","","","","","","","0.000000","裸包装","0","","0.000000","","2014/7/10 16:31:30","0","0.000000","0.000000","0.000000","0","","","","","","","","","","","0","","","0","","0","","","",""
"84","65e7d405c0214488856926584486b79d","0101","CK1407100027","b34bd5d1ffaf40bcb9854a85de9f78af","R4134304101-06","1232207891351","KN1111","上海圣冶实业有限公司","KH01074","TI15140600059","R4134304101","I4DC000225","2014/7/10 1:05:48","TI15140600059","正常在库","20","已出库","40","加工成品","018004","开平板","PZ006004","B510L","GZ000241","","","","3.2*1250*2230","3.200000","1250.000000","2230.000000","3.040000","3.040000","3.040000","3.040000","3.040000","3.040000","43.000000","007001                          ","","KH00004","2014/7/10 1:05:48","","0114070455","60","","","0","1","2014/7/10 16:31:32","100003","","","0","33584","100003","钱晓平","","未知","上海圣冶实业有限公司","2","2014/7/10 1:05:48","1","","正常出库","","","","153891","","0.000000","0.000000","0.000000","KH01074","","","","","","","0.000000","裸包装","0","","0.000000","","2014/7/10 16:31:30","0","0.000000","0.000000","0.000000","0","","","","","","","","","","","0","","","0","","0","","","",""
"85","5001def4c8c94b5189e0268061c0bcab","0101","CK1407100027","ef8320f2646e4ef39098d4e7359aa0cc","R4134304101-07","1232207891368","KN1111","上海圣冶实业有限公司","KH01074","TI15140600059","R4134304101","I4DC000225","2014/7/10 1:05:48","TI15140600059","正常在库","20","已出库","40","加工成品","018004","开平板","PZ006004","B510L","GZ000241","","","","3.2*1250*100/400","3.200000","1250.000000","2230.000000","0.020000","0.020000","0.020000","0.020000","0.020000","0.020000","2.000000","007001                          ","","KH00004","2014/7/10 1:05:48","","0114070455","60","","","0","1","2014/7/10 16:31:32","100003","","","0","33584","100003","钱晓平","","未知","上海圣冶实业有限公司","2","2014/7/10 1:05:48","1","","正常出库","","","","153891","","0.000000","0.000000","0.000000","KH01074","","","","","","","0.000000","裸包装","0","","0.000000","","2014/7/10 16:31:30","0","0.000000","0.000000","0.000000","0","","","","","","","","","","","0","","","0","","0","","","",""
"86","00ebb8ae59f04d298c2573b386fcb066","0101","CK1407100027","87cd46dbf2d3491986ddcdf45ee45a4f","R4134202701-02","1232207878239","KN1111","上海圣冶实业有限公司","KH01074","TI15140600059","R4134202701","I4DC000225","2014/7/10 1:05:48","TI15140600059","正常在库","20","已出库","40","加工成品","018004","开平板","PZ006004","B510L","GZ000241","","","","3.2*1250*2230","3.200000","1250.000000","2230.000000","3.740000","3.740000","3.740000","3.740000","3.740000","3.740000","53.000000","007001                          ","","KH00004","2014/7/10 1:05:48","","0114070455","60","","","0","1","2014/7/10 16:31:32","100003","","","0","33584","100003","钱晓平","","未知","上海圣冶实业有限公司","2","2014/7/10 1:05:48","1","","正常出库","","","","153891","","0.000000","0.000000","0.000000","KH01074","","","","","","","0.000000","裸包装","0","","0.000000","","2014/7/10 16:31:30","0","0.000000","0.000000","0.000000","0","","","","","","","","","","","0","","","0","","0","","","",""
"87","7f560313f6f04486a20dfd0c1e3318d7","0101","CK1407100027","fa96f60c3e8041bcb8d5e9d3fcfed721","R4134202701-03","1232207878246","KN1111","上海圣冶实业有限公司","KH01074","TI15140600059","R4134202701","I4DC000225","2014/7/10 1:05:48","TI15140600059","正常在库","20","已出库","40","加工成品","018004","开平板","PZ006004","B510L","GZ000241","","","","3.2*1250*2230","3.200000","1250.000000","2230.000000","3.740000","3.740000","3.740000","3.740000","3.740000","3.740000","53.000000","007001                          ","","KH00004","2014/7/10 1:05:48","","0114070455","60","","","0","1","2014/7/10 16:31:32","100003","","","0","33584","100003","钱晓平","","未知","上海圣冶实业有限公司","2","2014/7/10 1:05:48","1","","正常出库","","","","153891","","0.000000","0.000000","0.000000","KH01074","","","","","","","0.000000","裸包装","0","","0.000000","","2014/7/10 16:31:30","0","0.000000","0.000000","0.000000","0","","","","","","","","","","","0","","","0","","0","","","",""
"88","7f11d9b66fe0485bb62636a320cdc469","0101","CK1407100027","aaf27e8cbdd64a4aa11435c9e561ee34","R4134202701-04","1232207878253","KN1111","上海圣冶实业有限公司","KH01074","TI15140600059","R4134202701","I4DC000225","2014/7/10 1:05:48","TI15140600059","正常在库","20","已出库","40","加工成品","018004","开平板","PZ006004","B510L","GZ000241","","","","3.2*1250*2230","3.200000","1250.000000","2230.000000","3.740000","3.740000","3.740000","3.740000","3.740000","3.740000","53.000000","007001                          ","","KH00004","2014/7/10 1:05:48","","0114070455","60","","","0","1","2014/7/10 16:31:32","100003","","","0","33584","100003","钱晓平","","未知","上海圣冶实业有限公司","2","2014/7/10 1:05:48","1","","正常出库","","","","153891","","0.000000","0.000000","0.000000","KH01074","","","","","","","0.000000","裸包装","0","","0.000000","","2014/7/10 16:31:30","0","0.000000","0.000000","0.000000","0","","","","","","","","","","","0","","","0","","0","","","",""
"89","158df89476be438c8b0977782a29274f","0101","CK1407100027","42db0d6b7f264978b39a1d04d6491013","R4134202701-05","1232207878260","KN1111","上海圣冶实业有限公司","KH01074","TI15140600059","R4134202701","I4DC000225","2014/7/10 1:05:48","TI15140600059","正常在库","20","已出库","40","加工成品","018004","开平板","PZ006004","B510L","GZ000241","","","","3.2*1250*2230","3.200000","1250.000000","2230.000000","3.740000","3.740000","3.740000","3.740000","3.740000","3.740000","53.000000","007001                          ","","KH00004","2014/7/10 1:05:48","","0114070455","60","","","0","1","2014/7/10 16:31:32","100003","","","0","33584","100003","钱晓平","","未知","上海圣冶实业有限公司","2","2014/7/10 1:05:48","1","","正常出库","","","","153891","","0.000000","0.000000","0.000000","KH01074","","","","","","","0.000000","裸包装","0","","0.000000","","2014/7/10 16:31:30","0","0.000000","0.000000","0.000000","0","","","","","","","","","","","0","","","0","","0","","","",""
"90","0829f00910bc420cafc2c56d15db5ce1","0101","CK1407090046","c166941c862a4b28bde8a64e48dde30f","114633601900","114633601900","JB1531","武汉宝钢华中贸易有限公司","KH00132","TI151406000091","114633601900","I4LC000403","2014/7/6 15:03:00","TI151406000091","正常在库","20","已出库","40","普通货物","018001","直发卷","PZ001001014","QStE420TM","GZ000052","宝钢","","","3.9*1342*C","3.900000","1342.000000","0.000000","24.280000","24.280000","24.280000","24.280000","24.280000","0.000000","1.000000","","","KH00132","2014/7/8 9:22:24","RK1407080006","","20","","","1","1","2014/7/9 22:40:42","100060","2014/7/10 10:52:49","100003","0","DC140701469","100060","潘华良","","室内存储","上海共佳品种钢有限公司","2","2014/7/8 9:22:24","2","","正常出库","直发卷","QStE420TM","3.9*1342*C","14132521","","0.000000","0.000000","0.000000","KH04157","","","","","","","0.000000","","0","","0.000000","","2014/7/9 22:40:44","0","0.000000","0.000000","0.000000","0","DC140701469","","","","","","","","","","0","","","0","","0","","","",""
"91","f1d2d3a8464243a7a70ada26eb75c93e","0101","CK1407100022","1B4D8CF6E0B5489DAC795552735EB5EB","1120421711058","1231210013095","TFCB1152","上海辰易贸易发展有限公司","KH00261","","","TFDCY20121224G","2012/12/24 12:34:00","","正常在库","20","已出库","40","普通货物","018001","热卷","PZ001001004","SPA-H","GZ002893","首钢","CD000137","","2.8*1335*0","2.800000","1335.000000","0.000000","21.210000","21.210000","21.210000","21.210000","0.000000","0.000000","1.000000","","","KH00261","2012/12/24 12:32:00","","","20","","","0","1","2014/7/10 15:22:49","100002","","","0","297265","100002","顾陆萍","","室外存储","上海辰易贸易发展有限公司","2","2012/12/24 12:32:00","563","","正常出库","","","","","","0.000000","0.000000","0.000000","KH00261","","","","","","","0.000000","","0","","0.000000","","2014/7/10 15:22:50","0","0.000000","0.000000","0.000000","0","","","","","","","","","","","0","","","0","","0","","","",""
"92","d0cb1f754539467ca260170d292bdc1f","0101","CK1407100022","dfbc801b56424641a9fdd2a34175135d","1410021311042","1232207958054","CA1111","上海辰易贸易发展有限公司","KH00261","","","CY20140424","2014/4/24 9:22:01","","正常在库","20","已出库","40","普通货物","018001","热卷","PZ001001004","SPA-H","GZ002893","首钢","CD000137","","4*1400*0","4.000000","1400.000000","0.000000","11.820000","11.820000","11.820000","11.820000","11.820000","0.000000","1.000000","","","KH00261","2014/4/24 9:22:01","RK1404240011","","20","","","0","1","2014/7/10 15:22:49","100002","","","0","297265","100002","顾陆萍","","室内存储","上海辰易贸易发展有限公司","2","2014/4/24 9:22:01","77","","正常出库","","","","","","1.000000","0.000000","0.000000","KH00261","","","","","","","0.000000","","0","","0.000000","","2014/7/10 15:22:50","0","0.000000","0.000000","0.000000","0","","","","","","","","","","","0","","","0","","0","","","",""
"93","87524f485c154a99b3b85291476b3b3d","0101","CK1407110001","fdde1cc9df154c33968b0ae2ad2021cf","X140608011S-01","1232207619979","KB1111","上海乐钢供应链管理有限公司","KH06297","","","MXD兴宁7720140702T","2014/7/8 21:04:53","","正常在库","20","已出库","40","加工成品","018004","带钢","PZ001001030","Q235B","GZ000419","本钢","CD000057","","3.25*207*0","3.250000","207.000000","0.000000","3.125000","3.125000","3.125000","3.125000","3.125000","3.125000","1.000000","007001                          ","","KH01528","2014/7/8 21:04:53","","0114070314","60","","","0","1","2014/7/11 4:53:03","1919","","","0","14000426","1919","徐雨亭","","未知","上海乐钢供应链管理有限公司","2","2014/7/8 21:04:53","2","","正常出库","","","","","","0.000000","0.000000","0.000000","KH06297","","","","","","","0.000000","裸包装","0","","0.000000","","2014/7/11 4:53:07","0","0.000000","0.000000","0.000000","0","","","","","","","","","","","0","","","0","","0","","","",""
"94","f0935619683942adae723755000c0576","0101","CK1407110001","e68f6d2131f6478daa8b27f977a441d4","X140608011S-02","1231208882283","BK1111","上海乐钢供应链管理有限公司","KH06297","","","MXD兴宁7720140702T","2014/7/8 21:04:53","","正常在库","20","已出库","40","加工成品","018004","带钢","PZ001001030","Q235B","GZ000419","本钢","CD000057","","3.25*207*0","3.250000","207.000000","0.000000","3.125000","3.125000","3.125000","3.125000","3.125000","3.125000","1.000000","007001                          ","","KH01528","2014/7/8 21:04:53","","0114070314","60","","","0","1","2014/7/11 4:53:03","1919","2014/7/14 14:05:28","100033","0","14000426","1919","徐雨亭","","未知","上海乐钢供应链管理有限公司","2","2014/7/8 21:04:53","2","","正常出库","","","","","","0.000000","0.000000","0.000000","KH06297","","","","","","","0.000000","裸包装","0","","0.000000","","2014/7/11 4:53:07","0","0.000000","0.000000","0.000000","0","","","","","","","","","","","0","","","0","","0","","","",""
"95","e923ca2ee8d34bdcb06d09630cf87803","0101","CK1407110001","3c2ee88312574c9da00faaed100ce209","X140608011S-03","1231208330920","BK1111","上海乐钢供应链管理有限公司","KH06297","","","MXD兴宁7720140702T","2014/7/8 21:04:53","","正常在库","20","已出库","40","加工成品","018004","带钢","PZ001001030","Q235B","GZ000419","本钢","CD000057","","3.25*207*0","3.250000","207.000000","0.000000","3.125000","3.125000","3.125000","3.125000","3.125000","3.125000","1.000000","007001                          ","","KH01528","2014/7/8 21:04:53","","0114070314","60","","","0","1","2014/7/11 4:53:03","1919","2014/7/14 14:05:28","100033","0","14000426","1919","徐雨亭","","未知","上海乐钢供应链管理有限公司","2","2014/7/8 21:04:53","2","","正常出库","","","","","","0.000000","0.000000","0.000000","KH06297","","","","","","","0.000000","裸包装","0","","0.000000","","2014/7/11 4:53:07","0","0.000000","0.000000","0.000000","0","","","","","","","","","","","0","","","0","","0","","","",""
"96","b4f58d5c4b7f45e29bb9525a1e754bd8","0101","CK1407110001","e0eab35e389942a9a88d51e407510049","X140608011S-04","1232207620005","KB1111","上海乐钢供应链管理有限公司","KH06297","","","MXD兴宁7720140702T","2014/7/8 21:04:53","","正常在库","20","已出库","40","加工成品","018004","带钢","PZ001001030","Q235B","GZ000419","本钢","CD000057","","3.25*207*0","3.250000","207.000000","0.000000","3.125000","3.125000","3.125000","3.125000","3.125000","3.125000","1.000000","007001                          ","","KH01528","2014/7/8 21:04:53","","0114070314","60","","","0","1","2014/7/11 4:53:03","1919","","","0","14000426","1919","徐雨亭","","未知","上海乐钢供应链管理有限公司","2","2014/7/8 21:04:53","2","","正常出库","","","","","","0.000000","0.000000","0.000000","KH06297","","","","","","","0.000000","裸包装","0","","0.000000","","2014/7/11 4:53:07","0","0.000000","0.000000","0.000000","0","","","","","","","","","","","0","","","0","","0","","","",""
"97","a4eb09ff53a245a481fbb6662a902a24","0101","CK1407110001","fa602d2abfe748d9ac57f8f7524cea5f","X140608011S-05","1232207620012","KB1111","上海乐钢供应链管理有限公司","KH06297","","","MXD兴宁7720140702T","2014/7/8 21:04:53","","正常在库","20","已出库","40","加工成品","018004","带钢","PZ001001030","Q235B","GZ000419","本钢","CD000057","","3.25*207*0","3.250000","207.000000","0.000000","3.125000","3.125000","3.125000","3.125000","3.125000","3.125000","1.000000","007001                          ","","KH01528","2014/7/8 21:04:53","","0114070314","60","","","0","1","2014/7/11 4:53:03","1919","","","0","14000426","1919","徐雨亭","","未知","上海乐钢供应链管理有限公司","2","2014/7/8 21:04:53","2","","正常出库","","","","","","0.000000","0.000000","0.000000","KH06297","","","","","","","0.000000","裸包装","0","","0.000000","","2014/7/11 4:53:07","0","0.000000","0.000000","0.000000","0","","","","","","","","","","","0","","","0","","0","","","",""
"98","1da196e109bd4e4bad5465fd8efd8ce6","0101","CK1407110001","17cc1d718d7946098c1c3d137747d85a","X140608011S-06","1232207620029","KB1111","上海乐钢供应链管理有限公司","KH06297","","","MXD兴宁7720140702T","2014/7/8 21:04:53","","正常在库","20","已出库","40","加工成品","018004","带钢","PZ001001030","Q235B","GZ000419","本钢","CD000057","","3.25*207*0","3.250000","207.000000","0.000000","3.125000","3.125000","3.125000","3.125000","3.125000","3.125000","1.000000","007001                          ","","KH01528","2014/7/8 21:04:53","","0114070314","60","","","0","1","2014/7/11 4:53:03","1919","","","0","14000426","1919","徐雨亭","","未知","上海乐钢供应链管理有限公司","2","2014/7/8 21:04:53","2","","正常出库","","","","","","0.000000","0.000000","0.000000","KH06297","","","","","","","0.000000","裸包装","0","","0.000000","","2014/7/11 4:53:07","0","0.000000","0.000000","0.000000","0","","","","","","","","","","","0","","","0","","0","","","",""
"99","4f62affebf174a8497e9294585f9de0b","0101","CK1407110001","2b6e46031e0f4423a6397a09ebf02920","X140608011S-07","1232207620036","KB1111","上海乐钢供应链管理有限公司","KH06297","","","MXD兴宁7720140702T","2014/7/8 21:04:53","","正常在库","20","已出库","40","加工成品","018004","带钢","PZ001001030","Q235B","GZ000419","本钢","CD000057","","3.25*BS*2+BT*1","3.250000","207.000000","0.000000","0.350000","0.350000","0.350000","0.350000","0.350000","0.350000","3.000000","007001                          ","","KH01528","2014/7/8 21:04:53","","0114070314","60","","","0","1","2014/7/11 4:53:03","1919","","","0","14000426","1919","徐雨亭","","未知","上海乐钢供应链管理有限公司","2","2014/7/8 21:04:53","2","","正常出库","","","","","","0.000000","0.000000","0.000000","KH06297","","","","","","","0.000000","裸包装","0","","0.000000","","2014/7/11 4:53:07","0","0.000000","0.000000","0.000000","0","","","","","","","","","","","0","","","0","","0","","","",""
