"0115010214","0101","","KH03778","上海瀚冠工贸有限公司","022001","加工","024001","开平","1","2015/1/7","PZ006004","开平板","0","","","","","","","","21.5500","0","0","363","1","2015/1/7 19:10:26","1919","徐雨亭","","21.5500","","2.5*1500*2000","","","","2015/1/7 19:10:27","1919","2015/1/8 15:13:06","100060","0","0","7.850000","KH03778","上海瀚冠工贸有限公司","KH03778","上海瀚冠工贸有限公司","","","","","潘华良","2015/1/8 15:05:42","","","","2.5*1500*0","SPHC","               ","","","","0","","363.000000","21.550000","","","0","","",""
"0114121399","0101","","KH02662","上海陶然实业有限公司","022001","加工","024001","开平","1","2014/12/31","PZ006004001","开平板","007001","裸包装","","","009004","二横","","","9.8750","0","0","55","3","2014/12/31 14:25:37","100006","肖燕","","9.8750","","3.50*1160*6000(200+3730)","","","","2014/12/31 14:25:36","100006","2015/1/2 12:19:54","1818","0","0","7.850000","KH02662","上海陶然实业有限公司","KH02662","上海陶然实业有限公司","","","","","肖萍","2015/1/2 12:12:36","","","","3.50*1160*C","IF-1","               ","","","","0","","55.000000","9.875000","","","0","","",""
"0115010245","0101","","KH02075","杭州萧山信谊物流有限公司","022001","加工","024001","开平","1","2015/1/8","PZ006004001","开平板","007001","裸包装","","","009004","二横","","","41.9500","0","0","353","2","2015/1/8 15:46:03","100006","肖燕","","41.9500","","3.25*1500*5860","","","","2015/1/8 15:46:03","100006","2015/1/9 1:03:47","100060","0","0","7.850000","KH02075","杭州萧山信谊物流有限公司","KH02075","杭州萧山信谊物流有限公司","","","","","潘华良","2015/1/9 0:56:09","","","","3.25*1500*0","SPHC","               ","","","","0","","353.000000","41.950000","","","0","","",""
"0114121325","0101","","KH04928","上海鸿厚贸易有限公司","022001","加工","024001","开平","1","2014/12/30","PZ006004001","开平板","007001","裸包装","","","009004","二横","","","22.8200","0","0","29","1","2014/12/30 11:51:08","100006","肖燕","","22.8200","","11.5*1500*6000","","","","2014/12/30 11:51:35","100006","2014/12/30 22:25:45","1919","0","0","7.850000","KH04928","上海鸿厚贸易有限公司","KH04928","上海鸿厚贸易有限公司","","","","","徐雨亭","2014/12/30 22:18:22","","","","11.5*1500*0","Q235B","               ","","","","0","","29.000000","22.820000","","","0","","",""
"0114121270","0101","","KH00169","上海巨盈实业有限公司","022001","加工","024001","开平","1","2014/12/29","PZ006004001","开平板","007001","裸包装","","","009004","二横","","","58.8600","0","0","806","3","2014/12/29 13:01:10","1818","肖萍","","58.8600","","2.5*1250*3000","","","","2014/12/29 13:00:41","1818","2014/12/30 10:24:46","100002","0","0","7.850000","KH00169","上海巨盈实业有限公司","KH00169","上海巨盈实业有限公司","","","","","顾陆萍","2014/12/30 10:17:21","","","","2.5*1250*0","SPHC","               ","","","","0","","806.000000","58.860000","","","0","","",""
"0114121291","0101","","KH05524","上海财广物资有限公司","022001","加工","024001","开平","1","2014/12/29","PZ006004001","开平板","007001","裸包装","","","009004","二横","","","12.6100","0","0","348","1","2014/12/29 16:00:10","100006","肖燕","","12.6100","","1.5*1260*2500","","","","2014/12/29 16:00:08","100006","2014/12/29 20:33:05","100060","0","0","7.850000","KH05524","上海财广物资有限公司","KH05524","上海财广物资有限公司","","","","","潘华良","2014/12/29 20:25:41","","","","1.5*1260*0","Grade 33","               ","","","","0","","348.000000","12.610000","","","0","","",""
"0115010255","0101","","KH06955","上海晶钢实业有限公司","022001","加工","024001","开平","1","2015/1/8","PZ006004","开平板","007001","裸包装","","","009004","二横","","","19.9400","0","0","584","1","2015/1/8 17:55:52","100060","潘华良","","19.9400","","2.3*1250*1500","","","","2015/1/8 17:55:52","100060","2015/1/10 16:24:49","1818","0","0","7.850000","KH06955","上海晶钢实业有限公司","KH06955","上海晶钢实业有限公司","","","","","肖萍","2015/1/10 16:17:23","","","","2.3*1250*C","Q235B","               ","","","","0","","584.000000","19.940000","","","0","","",""
"0115010105","0101","","KH04500","上海博益实业有限公司","022001","加工","024001","开平","1","2015/1/5","PZ006004001","开平板","007001","裸包装","","","009004","二横","","","19.4800","0","0","401","1","2015/1/5 16:46:15","1818","肖萍","","19.4800","","2*1250*2500","","","","2015/1/5 16:46:15","1818","2015/1/6 14:22:04","100006","0","0","7.850000","KH04500","上海博益实业有限公司","KH04500","上海博益实业有限公司","","","","","肖燕","2015/1/6 14:22:10","","","","2*1250*0","SPHC","               ","","","","0","","401.000000","19.480000","","","0","","",""
"0115010212","0101","","KH00087","上海竞冶钢铁贸易有限公司","022001","加工","024001","开平","1","2015/1/7","PZ006004002","热轧开平板","007001","裸包装","","","","","","","24.8200","0","0","175","1","2015/1/7 17:21:21","100002","顾陆萍","","24.8200","","5*1500*2420","","","","2015/1/7 17:21:17","100002","2015/1/8 3:29:04","1919","0","0","7.850000","KH00087","上海竞冶钢铁贸易有限公司","KH00087","上海竞冶钢铁贸易有限公司","","","","","徐雨亭","2015/1/8 3:21:33","","","","5*1500*C","QStE420TM","               ","","","","0","","175.000000","24.820000","","","0","","",""
"0115010477","0101","","KH04928","上海鸿厚贸易有限公司","022001","加工","024001","开平","1","2015/1/14","PZ006004","开平板","0","","","","009004","二横","","","7.0680","0","0","117","3","2015/1/14 13:51:33","100006","肖燕","","7.0680","","3*1250*2000/200/1600","","","","2015/1/14 13:51:34","100006","2015/1/15 1:13:51","100060","0","0","7.850000","KH04928","上海鸿厚贸易有限公司","KH04928","上海鸿厚贸易有限公司","","","","","潘华良","2015/1/15 1:06:07","","","","3*1250*0","W800","               ","","","","0","","117.000000","7.068000","","","0","","",""
"0114121307","0101","","KH04928","上海鸿厚贸易有限公司","022001","加工","024001","开平","1","2014/12/29","PZ006004001","开平板","007001","裸包装","","","009004","二横","","","42.1000","0","0","390","2","2014/12/29 16:57:42","1818","肖萍","","42.1000","","2.5*1250*6000","","","","2014/12/29 16:57:43","1818","2014/12/30 17:15:12","100003","0","0","7.850000","KH04928","上海鸿厚贸易有限公司","KH04928","上海鸿厚贸易有限公司","","","","","钱晓平","2014/12/30 17:07:45","","","","2.5*1250*0","SPHC","               ","","","","0","","390.000000","42.100000","","","0","","",""
"0115010109","0101","","KH05183","上海金巨实业有限公司","022001","加工","024001","开平","1","2015/1/5","PZ006004001","开平板","007001","裸包装","","","009004","二横","","","5.4600","0","0","61","1","2015/1/5 17:15:38","1818","肖萍","","5.4600","","3.83*1415*2143","","","","2015/1/5 17:15:38","1818","2015/1/7 12:55:55","100006","0","0","7.850000","KH05183","上海金巨实业有限公司","KH05183","上海金巨实业有限公司","","","","","肖燕","2015/1/7 12:56:00","","","","3.83*1415*C","IF-1","               ","","","","0","","61.000000","5.460000","","","0","","",""
"0115010522","0101","","KH04928","上海鸿厚贸易有限公司","022001","加工","024001","开平","1","2015/1/15","PZ006004","开平板","007001","裸包装","","","009004","二横","","","24.3840","0","0","219","9","2015/1/15 13:30:04","100006","肖燕","","24.3840","","3.9*1010*3450/1900","","","","2015/1/15 13:30:04","100006","2015/1/16 13:48:29","100006","0","0","7.850000","KH04928","上海鸿厚贸易有限公司","KH04928","上海鸿厚贸易有限公司","","","","","肖燕","2015/1/16 13:40:41","","","","3.9*1010*0","SPHC-SK","               ","","","","0","","219.000000","24.384000","","","0","","",""
"0115010554","0101","","KH04928","上海鸿厚贸易有限公司","022001","加工","024001","开平","1","2015/1/15","PZ006004002","热轧开平板","007001","裸包装","","","","","","","54.5860","0","0","55","2","2015/1/15 17:20:47","100002","顾陆萍","","54.5860","","19.75*2000*3400","","","","2015/1/15 17:20:42","100002","2015/1/17 16:23:22","100003","0","0","7.850000","KH04928","上海鸿厚贸易有限公司","KH04928","上海鸿厚贸易有限公司","","","","","钱晓平","2015/1/17 16:15:32","","","","19.75*2000*0","Q235B","               ","","","","0","","55.000000","54.586000","","","0","","",""
"0115010343","0101","","KH06604","上海杜桥实业有限公司","022001","加工","024001","开平","1","2015/1/12","PZ006004","开平板","007001","裸包装","","","009004","二横","","","21.9300","0","0","767","1","2015/1/12 14:40:13","100006","肖燕","","21.9300","","1.5*1250*2000","","","","2015/1/12 14:40:14","100006","2015/1/13 19:27:02","1919","0","0","7.850000","KH06604","上海杜桥实业有限公司","KH06604","上海杜桥实业有限公司","","","","","徐雨亭","2015/1/13 19:19:21","","","","1.5*1250*0","Q235B","               ","","","","0","","767.000000","21.930000","","","0","","",""
"0114121354","0101","","KH04928","上海鸿厚贸易有限公司","022001","加工","024001","开平","1","2014/12/30","PZ006004","开平板","007001","裸包装","","","009004","二横","","","29.7800","0","0","379","13","2014/12/30 15:10:53","100006","肖燕","","29.7800","","4*1250*2000/200+650","","","","2014/12/30 15:10:52","100006","2014/12/31 13:45:39","100006","0","0","7.850000","KH04928","上海鸿厚贸易有限公司","KH04928","上海鸿厚贸易有限公司","","","","","肖燕","2014/12/31 13:38:13","","","","4*1250*0","00","               ","","","","0","","379.000000","29.780000","","","0","","",""
"0115010066","0101","","KH02327","上海浙磊钢铁贸易有限公司","022001","加工","024001","开平","1","2015/1/5","PZ006004","开平板","007001","裸包装","","","009004","二横","","","22.4400","0","0","546","1","2015/1/5 10:43:07","100006","肖燕","","22.4400","","2*1500*1770","","","","2015/1/5 10:43:08","100006","2015/1/5 15:05:49","100006","0","0","7.850000","KH02327","上海浙磊钢铁贸易有限公司","KH02327","上海浙磊钢铁贸易有限公司","","","","","肖燕","2015/1/5 15:05:53","","","","2*1500*0","SPHC","               ","","","","0","","546.000000","22.440000","","","0","","",""
"0115010468","0101","","KH04500","上海博益实业有限公司","022001","加工","024002","纵剪","1","2015/1/14","PZ001001030","带钢","007001","裸包装","","","009004","二横","","","19.3340","0","0","15","1","2015/1/14 11:20:14","100006","肖燕","","19.3340","","2.5*196*0","","","","2015/1/14 11:20:15","100006","2015/1/15 1:27:19","100060","0","0","7.850000","KH04500","上海博益实业有限公司","KH04500","上海博益实业有限公司","","","","","潘华良","2015/1/15 1:19:35","","","","2.5*1180*0","SPHC","               ","","","","0","","15.000000","19.334000","","","0","","",""
"0115010178","0101","","KH00295","上海天骄钢铁物资有限公司","022001","加工","024001","开平","1","2015/1/7","PZ006004","开平板","007001","裸包装","","","009004","二横","","","22.5700","0","0","79","1","2015/1/7 12:07:45","100006","肖燕","","22.5700","","9.8*1500*2500","","","","2015/1/7 12:07:46","100006","2015/1/7 14:22:19","100006","0","0","7.850000","KH00295","上海天骄钢铁物资有限公司","KH00295","上海天骄钢铁物资有限公司","","","","","肖燕","2015/1/7 14:22:24","","","","9.8*1500*0","SPHC","               ","","","","0","","79.000000","22.570000","","","0","","",""
"0115010598","0101","","KH06260","上海郑铁实业有限公司","022001","加工","024001","开平","1","2015/1/16","PZ006004001","开平板","007001","裸包装","","","009004","二横","","","5.6300","0","0","63","1","2015/1/16 15:37:39","100006","肖燕","","5.6300","","4.22*1098*2500+150/1640","","","","2015/1/16 15:37:39","100006","2015/1/17 16:13:03","100003","0","0","7.850000","KH06260","上海郑铁实业有限公司","KH06260","上海郑铁实业有限公司","","","","","钱晓平","2015/1/17 16:05:14","","","","4.22*1098*C","SPHC","               ","","","","0","","63.000000","5.630000","","","0","","",""
"0115010552","0101","","KH04928","上海鸿厚贸易有限公司","022001","加工","024001","开平","1","2015/1/15","PZ006004001","开平板","007001","裸包装","","","009004","二横","","","23.7500","0","0","28","1","2015/1/15 17:01:56","100006","肖燕","","23.7500","","5.75*1250*10500","","","","2015/1/15 17:01:56","100006","2015/1/16 13:46:01","100006","0","0","7.850000","KH04928","上海鸿厚贸易有限公司","KH04928","上海鸿厚贸易有限公司","","","","","肖燕","2015/1/16 13:38:13","","","","5.75*1250*0","Q345B","               ","","","","0","","28.000000","23.750000","","","0","","",""
"0115010080","0101","","KH06893","上海康鹿实业发展有限公司","022001","加工","024001","开平","1","2015/1/5","PZ006004","开平板","007001","裸包装","","","009004","二横","","","202.0300","0","0","2744","10","2015/1/5 13:45:38","100006","肖燕","","202.0300","","1.8*1250*4000","","","","2015/1/5 13:45:40","100006","2015/1/6 23:45:00","100060","0","0","7.850000","KH06893","上海康鹿实业发展有限公司","KH06893","上海康鹿实业发展有限公司","","","","","潘华良","2015/1/6 23:37:28","","","","2*1250*C","Q235B","               ","","","","0","","2744.000000","202.030000","","","0","","",""
"0115010575","0101","","KH01074","上海圣冶实业有限公司","022001","加工","024001","开平","1","2015/1/16","PZ006004","开平板","007001","裸包装","","","009004","二横","","","57.5800","0","0","959","3","2015/1/16 13:31:31","100006","肖燕","","57.5800","","2*1250*3070","","","","2015/1/16 13:31:31","100006","2015/1/19 13:25:21","100006","0","0","7.850000","KH01074","上海圣冶实业有限公司","KH01074","上海圣冶实业有限公司","","","","","肖燕","2015/1/19 13:17:29","","","","2*1250*C","SPHC","               ","","","","0","","959.000000","57.580000","","","0","","",""
"0115010252","0101","","KH01074","上海圣冶实业有限公司","022001","加工","024001","开平","1","2015/1/8","PZ006004001","开平板","007001","裸包装","","","009004","二横","","","22.2000","0","0","231","1","2015/1/8 16:34:21","100006","肖燕","","22.2000","","2.5*1500*3305","","","","2015/1/8 16:34:21","100006","2015/1/9 1:01:34","100060","0","0","7.850000","KH01074","上海圣冶实业有限公司","KH01074","上海圣冶实业有限公司","","","","","潘华良","2015/1/9 0:53:56","","","","2.5*1500*0","SPHC","               ","","","","0","","231.000000","22.200000","","","0","","",""
"0115010426","0101","","KH02075","杭州萧山信谊物流有限公司","022001","加工","024001","开平","1","2015/1/13","PZ006004","开平板","007001","裸包装","","","009004","二横","","","19.7800","0","0","118","1","2015/1/13 15:21:28","100006","肖燕","","19.7800","","3*1200*6240","","","","2015/1/13 15:21:28","100006","2015/1/14 14:40:22","100006","0","0","7.850000","KH02075","杭州萧山信谊物流有限公司","KH02075","杭州萧山信谊物流有限公司","","","","","肖燕","2015/1/14 14:40:25","","","","3*1200*0","SPHC","               ","","","","0","","118.000000","19.780000","","","0","","",""
"0114121250","0101","","KH00295","上海天骄钢铁物资有限公司","022001","加工","024001","开平","1","2014/12/28","PZ006004002","热轧开平板","007001","裸包装","","","","","","","11.9370","0","0","119","3","2014/12/28 9:10:07","100002","顾陆萍","","11.9370","","5*1300*1800","","","","2014/12/28 9:10:11","100002","2014/12/29 15:58:49","100006","0","0","7.850000","KH00295","上海天骄钢铁物资有限公司","KH00295","上海天骄钢铁物资有限公司","","","","","肖燕","2014/12/29 15:51:26","","","","5*1300*9800","BS600MC","               ","","","","0","","119.000000","11.937000","","","0","","",""
"0115010435","0101","24A005","KH04928","上海鸿厚贸易有限公司","022001","加工","024007","小尾卷加工","1","2015/1/13","PZ006004002","热轧开平板","007001","裸包装","","","","","","","6.8700","0","0","64","1","2015/1/13 16:15:03","100006","肖燕","","6.8700","","2.7*1260*4000","","","","2015/1/13 16:15:03","100006","2015/1/14 7:05:23","1919","0","0","7.850000","KH04928","上海鸿厚贸易有限公司","KH04928","上海鸿厚贸易有限公司","","","","","徐雨亭","2015/1/14 6:57:48","","","","2.7*1260*0","W800","               ","","","","0","","64.000000","6.870000","","","0","","",""
"0115010364","0101","","KH02655","浙江宏厚贸易有限公司","022001","加工","024001","开平","1","2015/1/12","PZ006004001","开平板","007001","裸包装","","","009004","二横","","","43.9370","0","0","240","2","2015/1/12 16:17:41","100006","肖燕","","43.9370","","3*1250*6300","","","","2015/1/12 16:17:42","100006","2015/1/13 0:50:32","100060","0","0","7.850000","KH02655","浙江宏厚贸易有限公司","KH02655","浙江宏厚贸易有限公司","","","","","潘华良","2015/1/13 0:43:17","","","","3*1250*0","SPHC","               ","","","","0","","240.000000","43.937000","","","0","","",""
"0115010513","0101","","KH04102","上海全海实业有限公司","022001","加工","024001","开平","1","2015/1/15","PZ006004","开平板","007001","裸包装","","","009004","二横","","","19.4100","0","0","195","1","2015/1/15 11:24:07","100006","肖燕","","19.4100","","4.95*1250*1540","","","","2015/1/15 11:24:08","100006","2015/1/16 7:26:03","1919","0","0","7.850000","KH04102","上海全海实业有限公司","KH04102","上海全海实业有限公司","","","","","徐雨亭","2015/1/16 7:18:29","","","","4.95*1250*0","QStE340TM","               ","","","","0","","195.000000","19.410000","","","0","","",""
"0115010630","0101","","KH05403","上海逸广金属材料有限公司","022001","加工","024002","纵剪","1","2015/1/19","PZ001001030","带钢","007001","裸包装","","","009006","一纵","","","19.4800","0","0","10","1","2015/1/19 10:48:33","100006","肖燕","","19.4800","","4*164*0","","","","2015/1/19 10:48:33","100006","2015/1/19 16:12:52","100002","0","0","7.850000","KH05403","上海逸广金属材料有限公司","KH05403","上海逸广金属材料有限公司","","","","","顾陆萍","2015/1/19 16:05:04","","","","4*1250*0","Q235B","               ","","","","0","","10.000000","19.480000","","","0","","",""
"0115010636","0101","","KH04928","上海鸿厚贸易有限公司","022001","加工","024001","开平","1","2015/1/19","PZ006004001","开平板","007001","裸包装","","","009004","二横","","","19.4400","0","0","180","1","2015/1/19 11:28:37","100006","肖燕","","19.4400","","4.8*1300*2170","","","","2015/1/19 11:28:37","100006","2015/1/19 17:24:06","100002","0","0","7.850000","KH04928","上海鸿厚贸易有限公司","KH04928","上海鸿厚贸易有限公司","","","","","顾陆萍","2015/1/19 17:16:19","","","","4.8*1300*0","SPHE","               ","","","","0","","180.000000","19.440000","","","0","","",""
"0115010362","0101","","KH06709","上海达崎实业有限公司","022001","加工","024002","纵剪","1","2015/1/12","PZ001001030","带钢","007001","裸包装","","","009006","一纵","","","21.4400","0","0","18","1","2015/1/12 16:07:38","100006","肖燕","","21.4400","","1.5*186*0","","","","2015/1/12 16:07:40","100006","2015/1/13 12:32:22","100060","0","0","7.850000","KH06709","上海达崎实业有限公司","KH06709","上海达崎实业有限公司","","","","","潘华良","2015/1/13 12:25:10","","","","1.5*1250*0","Q235B","               ","","","","0","","18.000000","21.440000","","","0","","",""
"0115010650","0101","","KH01927","上海陆舟工贸有限公司","022001","加工","024001","开平","1","2015/1/19","PZ006004","开平板","007001","裸包装","","","009004","二横","","","20.0200","0","0","204","1","2015/1/19 13:30:18","100006","肖燕","","20.0200","","6.23*874*2300","","","","2015/1/19 13:30:18","100006","2015/1/20 6:31:16","1919","0","0","7.850000","KH01927","上海陆舟工贸有限公司","KH01927","上海陆舟工贸有限公司","","","","","徐雨亭","2015/1/20 6:23:24","","","","6.23*874*C","SS400","               ","","","","0","","204.000000","20.020000","","","0","","",""
"0115010182","0101","","KH01623","宝钢销售中心物流室","022001","加工","024001","开平","1","2015/1/7","PZ006004","开平板","007001","裸包装","","","009004","二横","","","38.1200","0","0","273","2","2015/1/7 13:51:30","100006","肖燕","","38.1200","","3*1500*4000","","","","2015/1/7 13:51:30","100006","2015/1/8 16:03:19","100006","0","0","7.850000","KH01623","宝钢销售中心物流室","KH01623","宝钢销售中心物流室","","","","","肖燕","2015/1/8 16:03:22","","","","3*1500*C","15CrMo","               ","","","","0","","273.000000","38.120000","","","0","","",""
"0115010192","0101","","KH02921","上海凡挺实业有限公司","022001","加工","024002","纵剪","1","2015/1/7","PZ001001030","带钢","007001","裸包装","","","009006","一纵","","","21.8330","0","0","11","1","2015/1/7 15:16:31","100006","肖燕","","21.8330","","4.5*115*0","","","","2015/1/7 15:16:31","100006","2015/1/7 16:47:37","1818","0","0","7.850000","KH02921","上海凡挺实业有限公司","KH02921","上海凡挺实业有限公司","","","","","肖萍","2015/1/7 16:47:42","","","","4.5*1250*0","SPHC","               ","","","","0","","11.000000","21.833000","","","0","","",""
"0115010375","0101","","KH04255","上海舟裕实业有限公司","022001","加工","024001","开平","1","2015/1/12","PZ006004001","开平板","007001","裸包装","","","009004","二横","","","19.0300","0","0","290","1","2015/1/12 17:24:14","100006","肖燕","","19.0300","","2.3*1250*2920","","","","2015/1/12 17:24:15","100006","2015/1/14 15:01:04","100003","0","0","7.850000","KH04255","上海舟裕实业有限公司","KH04255","上海舟裕实业有限公司","","","","","钱晓平","2015/1/14 14:53:27","","","","2.3*1250*0","SPHC","               ","","","","0","","290.000000","19.030000","","","0","","",""
"0115010194","0101","","KH02876","上海裕颜实业有限公司","022001","加工","024001","开平","1","2015/1/7","PZ006004001","开平板","007001","裸包装","","","009004","二横","","","35.6490","0","0","278","2","2015/1/7 15:39:46","100006","肖燕","","35.6490","","7*1060*2120","","","","2015/1/7 15:39:46","100006","2015/1/8 3:34:11","1919","0","0","7.850000","KH02876","上海裕颜实业有限公司","KH02876","上海裕颜实业有限公司","","","","","徐雨亭","2015/1/8 3:26:39","","","","7*1060*0","SPHC","               ","","","","0","","278.000000","35.649000","","","0","","",""
"0115010401","0101","","KH04928","上海鸿厚贸易有限公司","022001","加工","024002","纵剪","1","2015/1/13","PZ001001030","带钢","007001","裸包装","","","009006","一纵","","","22.3000","0","0","13","1","2015/1/13 13:21:32","100006","肖燕","","22.3000","","1.5*323*0","","","","2015/1/13 13:21:32","100006","2015/1/13 17:00:02","100006","0","0","7.850000","KH04928","上海鸿厚贸易有限公司","KH04928","上海鸿厚贸易有限公司","","","","","肖燕","2015/1/13 17:00:08","","","","1.5*1250*0","Q235B","               ","","","","0","","13.000000","22.300000","","","0","","",""
"0115010405","0101","","KH04928","上海鸿厚贸易有限公司","022001","加工","024001","开平","1","2015/1/13","PZ006004","开平板","007001","裸包装","","","009004","二横","","","15.5840","0","0","260","8","2015/1/13 13:25:21","100006","肖燕","","15.5840","","2.3*1250*2530/250/440","","","","2015/1/13 13:25:21","100006","2015/1/14 18:47:01","100060","0","0","7.850000","KH04928","上海鸿厚贸易有限公司","KH04928","上海鸿厚贸易有限公司","","","","","潘华良","2015/1/14 18:39:16","","","","2.3*1250*0","SPHC","               ","","","","0","","260.000000","15.584000","","","0","","",""
"0115010521","0101","","KH03066","上海弘行实业有限公司","022001","加工","024001","开平","1","2015/1/15","PZ006004002","热轧开平板","007001","裸包装","","","","","","","14.6650","0","0","74","2","2015/1/15 13:12:24","100002","顾陆萍","","14.6650","","7*1520*2500","","","","2015/1/15 13:12:21","100002","2015/1/16 16:24:05","1818","0","0","7.850000","KH03066","上海弘行实业有限公司","KH03066","上海弘行实业有限公司","","","","","肖萍","2015/1/16 16:16:20","","","","7.00*1520*C","Q460C","               ","","","","0","","74.000000","14.665000","","","0","","",""
"0115010533","0101","07A002","KH04928","上海鸿厚贸易有限公司","022001","加工","024007","小尾卷加工","1","2015/1/15","PZ006004001","开平板","007001","裸包装","","","009004","二横","","","12.5360","0","0","166","3","2015/1/15 15:48:32","100006","肖燕","","12.5360","","3.5*1230*2500/200/1100","","","","2015/1/15 15:48:33","100006","2015/1/16 7:23:47","1919","0","0","7.850000","KH04928","上海鸿厚贸易有限公司","KH04928","上海鸿厚贸易有限公司","","","","","徐雨亭","2015/1/16 7:16:13","","","","3.5*1230*0","SPHC","               ","","","","0","","166.000000","12.536000","","","0","","",""
"0115010044","0101","","KH04928","上海鸿厚贸易有限公司","022001","加工","024001","开平","1","2015/1/4","PZ006004002","热轧开平板","007001","裸包装","","","","","","","17.2700","0","0","214","1","2015/1/4 16:03:51","100002","顾陆萍","","17.2700","","3*1015*3430","","","","2015/1/4 16:03:49","100002","2015/1/5 15:51:56","100006","0","0","7.850000","KH04928","上海鸿厚贸易有限公司","KH04928","上海鸿厚贸易有限公司","","","","","肖燕","2015/1/5 15:52:01","","","","3*1015*0","SPHC","               ","","","","0","","214.000000","17.270000","","","0","","",""
"0115010012","0101","","KH06340","上海豫华国际贸易有限公司","022001","加工","024001","开平","1","2015/1/4","PZ006004002","热轧开平板","007001","裸包装","","","","","","","48.2000","0","0","277","2","2015/1/4 11:49:41","100002","顾陆萍","","48.2000","","5*1500*3000","","","","2015/1/4 11:49:40","100002","2015/1/4 16:55:54","100002","0","0","7.850000","KH06340","上海豫华国际贸易有限公司","KH06340","上海豫华国际贸易有限公司","","","","","顾陆萍","2015/1/4 16:48:24","","","","5*1500*0","Q345B","               ","","","","0","","277.000000","48.200000","","","0","","",""
"0115010565","0101","","KH06344","上海满昌金属材料有限公司","022001","加工","024001","开平","1","2015/1/16","PZ006004","开平板","007001","裸包装","","","009004","二横","","","8.0800","0","0","21","1","2015/1/16 9:20:16","100006","肖燕","","8.0800","","5.72*1523*6000+3630/100","","","","2015/1/16 9:20:16","100006","2015/1/17 16:11:40","100003","0","0","7.850000","KH06344","上海满昌金属材料有限公司","KH06344","上海满昌金属材料有限公司","","","","","钱晓平","2015/1/17 16:03:50","","","","5.72*1523*C","IF-1","               ","","","","0","","21.000000","8.080000","","","0","","",""
"0115010303","0101","","KH04573","上海领驰工贸有限公司","022001","加工","024001","开平","1","2015/1/9","PZ006004001","开平板","007001","裸包装","","","009004","二横","","","22.3300","0","0","314","1","2015/1/9 15:18:00","1818","肖萍","","22.3300","","2.5*1500*2430","","","","2015/1/9 15:17:58","1818","2015/1/10 16:21:48","1818","0","0","7.850000","KH04573","上海领驰工贸有限公司","KH04573","上海领驰工贸有限公司","","","","","肖萍","2015/1/10 16:14:21","","","","2.5*1500*0","SPHC","               ","","","","0","","314.000000","22.330000","","","0","","",""
"0115010345","0101","","KH04928","上海鸿厚贸易有限公司","022001","加工","024002","纵剪","1","2015/1/12","PZ001001030","带钢","007001","裸包装","","","009006","一纵","","","44.9200","0","0","16","2","2015/1/12 14:46:37","100006","肖燕","","44.9200","","3*265*0","","","","2015/1/12 14:46:39","100006","2015/1/13 12:39:19","100003","0","0","7.850000","KH04928","上海鸿厚贸易有限公司","KH04928","上海鸿厚贸易有限公司","","","","","钱晓平","2015/1/13 12:31:35","","","","3*1330*0","SPHC","               ","","","","0","","16.000000","44.920000","","","0","","",""
"0115010501","0101","","KH01716","上海祥腾金属材料有限公司","022001","加工","024001","开平","1","2015/1/14","PZ006004","开平板","007001","裸包装","","","009004","二横","","","20.9600","0","0","119","1","2015/1/14 20:50:46","100060","潘华良","","20.9600","","2.5*1500*6000","","","","2015/1/14 20:50:45","100060","2015/1/15 1:15:23","100060","0","0","7.850000","KH01716","上海祥腾金属材料有限公司","KH01716","上海祥腾金属材料有限公司","","","","","潘华良","2015/1/15 1:07:39","","","","2.5*1500*0","SPHC","               ","","","","0","","119.000000","20.960000","","","0","","",""
"0115010356","0101","","KH02075","杭州萧山信谊物流有限公司","022001","加工","024001","开平","1","2015/1/12","PZ006004001","开平板","007001","裸包装","","","009004","二横","","","44.9000","0","0","465","2","2015/1/12 15:51:30","100006","肖燕","","44.9000","","2.3*1250*4000","","","","2015/1/12 15:51:31","100006","2015/1/13 0:48:47","100060","0","0","7.850000","KH02075","杭州萧山信谊物流有限公司","KH02075","杭州萧山信谊物流有限公司","","","","","潘华良","2015/1/13 0:41:32","","","","2.3*1250*0","SPHC","               ","","","","0","","465.000000","44.900000","","","0","","",""
"0115010371","0101","","KH06967","上海水辉贸易有限公司","022001","加工","024001","开平","1","2015/1/12","PZ006004","开平板","007001","裸包装","","","009004","二横","","","23.0500","0","0","340","1","2015/1/12 17:03:50","100006","肖燕","","23.0500","","3.82*1093*2051","","","","2015/1/12 17:03:52","100006","2015/1/14 7:06:14","1919","0","0","7.850000","KH06967","上海水辉贸易有限公司","KH06967","上海水辉贸易有限公司","","","","","徐雨亭","2015/1/14 6:58:38","","","","3.82*1093*C","IF-1","               ","","","","0","","340.000000","23.050000","","","0","","",""
"0115010002","0101","","KH02075","杭州萧山信谊物流有限公司","022001","加工","024002","纵剪","1","2015/1/4","PZ001001030","带钢","007001","裸包装","","","009006","一纵","","","39.2000","0","0","35","2","2015/1/4 9:37:16","1919","徐雨亭","","39.2000","","2.5*169*0","","","","2015/1/4 9:38:24","1919","2015/1/4 15:43:36","100006","0","0","7.850000","KH02075","杭州萧山信谊物流有限公司","KH02075","杭州萧山信谊物流有限公司","","","","","肖燕","2015/1/4 15:43:35","","","","2.5*1250*0","SPHC","               ","","","","0","","35.000000","39.200000","","","0","","",""
"0115010267","0101","","KH06460","上海致钢实业有限公司","022001","加工","024001","开平","1","2015/1/9","PZ006004","开平板","007001","裸包装","","","009004","二横","","","55.1500","0","0","428","4","2015/1/9 10:17:58","100006","肖燕","","55.1500","","4.5*1500*2480","","","","2015/1/9 10:17:58","100006","2015/1/10 7:35:21","1919","0","0","7.850000","KH06460","上海致钢实业有限公司","KH06460","上海致钢实业有限公司","","","","","徐雨亭","2015/1/10 7:27:49","","","","4.5*1500*C","SPHC","               ","","","","0","","428.000000","55.150000","","","0","","",""
"0115010520","0101","","KH04928","上海鸿厚贸易有限公司","022001","加工","024001","开平","1","2015/1/15","PZ006004","开平板","007001","裸包装","","","009004","二横","","","22.5200","0","0","517","1","2015/1/15 13:18:59","100006","肖燕","","22.5200","","1.8*1250*2500","","","","2015/1/15 13:19:00","100006","2015/1/16 7:21:03","1919","0","0","7.850000","KH04928","上海鸿厚贸易有限公司","KH04928","上海鸿厚贸易有限公司","","","","","徐雨亭","2015/1/16 7:13:29","","","","1.8*1250*0","SPHC","               ","","","","0","","517.000000","22.520000","","","0","","",""
"0115010204","0101","","KH04928","上海鸿厚贸易有限公司","022001","加工","024001","开平","1","2015/1/7","PZ006004001","开平板","007001","裸包装","","","009004","二横","","","22.4100","0","0","166","1","2015/1/7 16:29:36","1818","肖萍","","22.4100","","4.75*1500*2435","","","","2015/1/7 16:29:36","1818","2015/1/7 20:53:14","1919","0","0","7.850000","KH04928","上海鸿厚贸易有限公司","KH04928","上海鸿厚贸易有限公司","","","","","徐雨亭","2015/1/7 20:45:39","","","","4.75*1500*0","SPHC","               ","","","","0","","166.000000","22.410000","","","0","","",""
"0114121257","0101","","KH02075","杭州萧山信谊物流有限公司","022001","加工","024001","开平","1","2014/12/29","PZ006004","开平板","007001","裸包装","","","009004","二横","","","66.4300","0","0","388","3","2014/12/29 8:49:29","100006","肖燕","","66.4300","","4.75*1250*3700","","","","2014/12/29 8:49:31","100006","2014/12/29 16:03:19","100006","0","0","7.850000","KH02075","杭州萧山信谊物流有限公司","KH02075","杭州萧山信谊物流有限公司","","","","","肖燕","2014/12/29 15:55:56","","","","4.75*1250*0","SPHC","               ","","","","0","","388.000000","66.430000","","","0","","",""
"0115010349","0101","","KH04928","上海鸿厚贸易有限公司","022001","加工","024001","开平","1","2015/1/12","PZ006004","开平板","007001","裸包装","","","009004","二横","","","22.5300","0","0","102","1","2015/1/12 15:17:16","100006","肖燕","","22.5300","","4.75*1500*4000","","","","2015/1/12 15:17:18","100006","2015/1/12 17:35:39","100003","0","0","7.850000","KH04928","上海鸿厚贸易有限公司","KH04928","上海鸿厚贸易有限公司","","","","","钱晓平","2015/1/12 17:27:55","","","","4.75*1500*0","SPHC","               ","","","","0","","102.000000","22.530000","","","0","","",""
"0115010432","0101","","KH00329","上海宝高物资有限公司","022001","加工","024001","开平","1","2015/1/13","PZ006004002","热轧开平板","007001","裸包装","","","","","","","44.4000","0","0","480","2","2015/1/13 16:07:53","100006","肖燕","","44.4000","","4.5*1250*2096","","","","2015/1/13 16:07:53","100006","2015/1/14 6:58:01","1919","0","0","7.850000","KH00329","上海宝高物资有限公司","KH00329","上海宝高物资有限公司","","","","","徐雨亭","2015/1/14 6:50:25","","","","4.5*1250*0","SPHC","               ","","","","0","","480.000000","44.400000","","","0","","",""
"0115010270","0101","","KH02192","上海竞铁流商贸发展有限公司","022001","加工","024002","纵剪","1","2015/1/9","PZ001001030","带钢","007001","裸包装","","","009006","一纵","","","22.3500","0","0","10","1","2015/1/9 11:14:40","100006","肖燕","","22.3500","","3.25*230*0","","","","2015/1/9 11:14:40","100006","2015/1/9 15:46:02","1818","0","0","7.850000","KH02192","上海竞铁流商贸发展有限公司","KH02192","上海竞铁流商贸发展有限公司","","","","","肖萍","2015/1/9 15:38:26","","","","3.25*1500*0","SPHC","               ","","","","0","","10.000000","22.350000","","","0","","",""
"0115010434","0101","24E001","KH04928","上海鸿厚贸易有限公司","022001","加工","024007","小尾卷加工","1","2015/1/13","PZ006004002","热轧开平板","007001","裸包装","","","","","","","15.7100","0","0","173","6","2015/1/13 16:13:37","100006","肖燕","","15.7100","","3.5*1278*25001300","","","","2015/1/13 16:13:37","100006","2015/1/16 23:27:50","100060","0","0","7.850000","KH04928","上海鸿厚贸易有限公司","KH04928","上海鸿厚贸易有限公司","","","","","潘华良","2015/1/16 23:20:04","","","","3.4*1420*0","Q235B","               ","","","","0","","173.000000","15.710000","","","0","","",""
"0115010499","0101","","KH05486","芜湖铁之林钢铁贸易有限公司","022001","加工","024001","开平","1","2015/1/14","PZ006004","开平板","007001","裸包装","","","009004","二横","","","21.4700","0","0","267","1","2015/1/14 20:48:36","100060","潘华良","","21.4700","","3*1500*2180","","","","2015/1/14 20:48:34","100060","2015/1/15 1:28:10","100060","0","0","7.850000","KH05486","芜湖铁之林钢铁贸易有限公司","KH05486","芜湖铁之林钢铁贸易有限公司","","","","","潘华良","2015/1/15 1:20:26","","","","3*1500*0","SPHC","               ","","","","0","","267.000000","21.470000","","","0","","",""
"0115010143","0101","","KH06893","上海康鹿实业发展有限公司","022001","加工","024001","开平","1","2015/1/6","PZ006004001","开平板","007001","裸包装","","","009004","二横","","","52.9400","0","0","298","2","2015/1/6 15:35:26","100006","肖燕","","52.9400","","8*1300*2170","","","","2015/1/6 15:35:26","100006","2015/1/7 12:54:34","100006","0","0","7.850000","KH06893","上海康鹿实业发展有限公司","KH06893","上海康鹿实业发展有限公司","","","","","肖燕","2015/1/7 12:54:39","","","","8*1300*C","SS400","               ","","","","0","","298.000000","52.940000","","","0","","",""
"0115010374","0101","","KH02075","杭州萧山信谊物流有限公司","022001","加工","024001","开平","1","2015/1/12","PZ006004001","开平板","007001","裸包装","","","009004","二横","","","21.4900","0","0","170","1","2015/1/12 17:23:27","100006","肖燕","","21.4900","","2.5*1500*4000","","","","2015/1/12 17:23:29","100006","2015/1/13 7:19:32","100060","0","0","7.850000","KH02075","杭州萧山信谊物流有限公司","KH02075","杭州萧山信谊物流有限公司","","","","","潘华良","2015/1/13 7:12:19","","","","2.5*1500*0","SPHC","               ","","","","0","","170.000000","21.490000","","","0","","",""
"0115010074","0101","","KH03059","上海文津贸易有限公司","022001","加工","024004","分卷","1","2015/1/5","PZ001001004","热卷","007001","裸包装","","","009006","一纵","","","18.7900","0","0","2","1","2015/1/5 12:43:41","100006","肖燕","","18.7900","","2*1250*0","","","","2015/1/5 12:43:42","100006","2015/1/5 15:04:21","100006","0","0","7.850000","KH03059","上海文津贸易有限公司","KH03059","上海文津贸易有限公司","","","","","肖燕","2015/1/5 15:04:26","","","","2*1250*0","SPHE","               ","","","","0","","2.000000","18.790000","","","0","","",""
"0115010599","0101","","KH02430","上海志华国际贸易有限公司","022001","加工","024001","开平","1","2015/1/16","PZ006004","开平板","007001","裸包装","","","009004","二横","","","6.7750","0","0","58","1","2015/1/16 15:41:42","100006","肖燕","","6.7750","","4.00*1508*2500+150/530","","","","2015/1/16 15:41:42","100006","2015/1/17 16:18:33","100003","0","0","7.850000","KH02430","上海志华国际贸易有限公司","KH02430","上海志华国际贸易有限公司","","","","","钱晓平","2015/1/17 16:10:44","","","","4.00*1508*C","SS400","               ","","","","0","","58.000000","6.775000","","","0","","",""
"0115010342","0101","","KH02279","上海晶水钢铁贸易有限公司","022001","加工","024002","纵剪","1","2015/1/12","PZ001001030","带钢","007001","裸包装","","","009006","一纵","","","45.0900","0","0","22","2","2015/1/12 14:32:27","100006","肖燕","","45.0900","","3.25*187*0","","","","2015/1/12 14:32:28","100006","2015/1/12 17:46:52","100003","0","0","7.850000","KH02279","上海晶水钢铁贸易有限公司","KH02279","上海晶水钢铁贸易有限公司","","","","","钱晓平","2015/1/12 17:39:04","","","","3.25*1500*0","SPHC","               ","","","","0","","22.000000","45.090000","","","0","","",""
"0115010317","0101","","KH06893","上海康鹿实业发展有限公司","022001","加工","024001","开平","1","2015/1/9","PZ006004001","开平板","007001","裸包装","","","","","","","108.7400","0","0","1553","6","2015/1/9 16:52:54","100003","钱晓平","","108.7400","","1.8*1250*4000","","","","2015/1/9 16:52:55","100003","2015/1/10 16:32:05","1818","0","0","7.850000","KH06893","上海康鹿实业发展有限公司","KH06893","上海康鹿实业发展有限公司","","","","","肖萍","2015/1/10 16:24:37","","","","1.8*1250*C","Q235B","               ","","","","0","","1553.000000","108.740000","","","0","","",""
"0115010006","0101","","KH04500","上海博益实业有限公司","022001","加工","024001","开平","1","2015/1/4","PZ006004","开平板","007001","裸包装","","","009004","二横","","","22.4700","0","0","372","1","2015/1/4 11:07:14","100006","肖燕","","22.4700","","2.5*1250*2500","","","","2015/1/4 11:07:15","100006","2015/1/4 17:02:01","100006","0","0","7.850000","KH04500","上海博益实业有限公司","KH04500","上海博益实业有限公司","","","","","肖燕","2015/1/4 17:02:00","","","","2.5*1250*0","Q235B","               ","","","","0","","372.000000","22.470000","","","0","","",""
"0115010494","0101","","KH05782","上海来钰钢铁贸易有限公司","022001","加工","024001","开平","1","2015/1/14","PZ006004001","开平板","007001","裸包装","","","009004","二横","","","22.4400","0","0","342","1","2015/1/14 17:03:07","1818","肖萍","","22.4400","","3*1250*2280","","","","2015/1/14 17:03:07","1818","2015/1/15 14:00:13","100006","0","0","7.850000","KH05782","上海来钰钢铁贸易有限公司","KH05782","上海来钰钢铁贸易有限公司","","","","","肖燕","2015/1/15 14:00:16","","","","3*1250*0","Q235B","               ","","","","0","","342.000000","22.440000","","","0","","",""
"0115010624","0101","","KH03670","上海燕钢实业有限公司","022001","加工","024001","开平","1","2015/1/17","PZ006004001","开平板","007001","裸包装","","","","","","","22.5100","0","0","513","1","2015/1/17 13:39:05","100003","钱晓平","","22.5100","","1.8*1250*2520","","","","2015/1/17 13:39:05","100003","2015/1/17 17:41:43","100003","0","0","7.850000","KH03670","上海燕钢实业有限公司","KH03670","上海燕钢实业有限公司","","","","","钱晓平","2015/1/17 17:33:56","","","","1.8*1250*0","SPHC","               ","","","","0","","513.000000","22.510000","","","0","","",""
"0115010240","0101","","KH04928","上海鸿厚贸易有限公司","022001","加工","024001","开平","1","2015/1/8","PZ006004","开平板","007001","裸包装","","","009004","二横","","","22.5200","0","0","312","1","2015/1/8 13:37:52","100006","肖燕","","22.5200","","2.3*1250*3220","","","","2015/1/8 13:37:52","100006","2015/1/9 1:00:04","100060","0","0","7.850000","KH04928","上海鸿厚贸易有限公司","KH04928","上海鸿厚贸易有限公司","","","","","潘华良","2015/1/9 0:52:26","","","","2.3*1250*0","SPHC","               ","","","","0","","312.000000","22.520000","","","0","","",""
"0115010126","0101","","KH04500","上海博益实业有限公司","022001","加工","024002","纵剪","1","2015/1/6","PZ006004","开平板","007001","裸包装","","","009006","一纵","","","19.5000","0","0","24","1","2015/1/6 14:26:45","100006","肖燕","","19.5000","","1.5*153*0","","","","2015/1/6 14:26:45","100006","2015/1/6 19:33:53","100060","0","0","7.850000","KH04500","上海博益实业有限公司","KH04500","上海博益实业有限公司","","","","","潘华良","2015/1/6 19:26:18","","","","1.5*1250*0","SPHC","               ","","","","0","","24.000000","19.500000","","","0","","",""
"0115010415","0101","","KH06725","上海必乘隆贸易有限公司","022001","加工","024001","开平","1","2015/1/13","PZ006004","开平板","007001","裸包装","","","009004","二横","","","22.2400","0","0","152","1","2015/1/13 14:41:29","100006","肖燕","","22.2400","","5*1500*2500","","","","2015/1/13 14:41:29","100006","2015/1/14 7:03:51","1919","0","0","7.850000","KH06725","上海必乘隆贸易有限公司","KH06725","上海必乘隆贸易有限公司","","","","","徐雨亭","2015/1/14 6:56:16","","","","5*1500*0","SPHC","               ","","","","0","","152.000000","22.240000","","","0","","",""
"0115010610","0101","","KH02528","上海申F实业有限公司","022001","加工","024001","开平","1","2015/1/16","PZ006004","开平板","007001","裸包装","","","009004","二横","","","22.5800","0","0","96","1","2015/1/16 16:51:07","100006","肖燕","","22.5800","","9*1500*2250","","","","2015/1/16 16:51:07","100006","2015/1/16 23:12:58","100060","0","0","7.850000","KH02528","上海申F实业有限公司","KH02528","上海申F实业有限公司","","","","","潘华良","2015/1/16 23:05:12","","","","9*1500*0","SPHC","               ","","","","0","","96.000000","22.580000","","","0","","",""
"0115010611","0101","","KH03534","上海苏Z工贸有限公司","022001","加工","024001","开平","1","2015/1/16","PZ006004001","开平板","007001","裸包装","","","009004","二横","","","23.1100","0","0","539","1","2015/1/16 17:13:29","1818","肖萍","","23.1100","","2.01*1081*2500","","","","2015/1/16 17:13:28","1818","2015/1/16 23:11:49","100060","0","0","7.850000","KH03534","上海苏Z工贸有限公司","KH03534","上海苏Z工贸有限公司","","","","","潘华良","2015/1/16 23:04:03","","","","2.01*1081*C","SPHC","               ","","","","0","","539.000000","23.110000","","","0","","",""
"0115010193","0101","","KH04928","上海鸿厚贸易有限公司","022001","加工","024001","开平","1","2015/1/7","PZ006004001","开平板","007001","裸包装","","","009004","二横","","","22.1000","0","0","24","1","2015/1/7 15:36:58","100006","肖燕","","22.1000","","8*1500*10390","","","","2015/1/7 15:36:58","100006","2015/1/7 17:58:09","100002","0","0","7.850000","KH04928","上海鸿厚贸易有限公司","KH04928","上海鸿厚贸易有限公司","","","","","顾陆萍","2015/1/7 17:50:38","","","","8*1500*0","Q345B","               ","","","","0","","24.000000","22.100000","","","0","","",""
"0115010021","0101","","KH04928","上海鸿厚贸易有限公司","022001","加工","024001","开平","1","2015/1/4","PZ006004","开平板","007001","裸包装","","","009004","二横","","","5.7980","0","0","25","2","2015/1/4 13:30:50","100006","肖燕","","5.7980","","3.7*1500*6000/200+1600","","","","2015/1/4 13:30:51","100006","2015/1/5 13:17:32","100006","0","0","7.850000","KH04928","上海鸿厚贸易有限公司","KH04928","上海鸿厚贸易有限公司","","","","","肖燕","2015/1/5 13:17:37","","","","3.7*1500*0","SS400-B","               ","","","","0","","25.000000","5.798000","","","0","","",""
"0115010331","0101","","KH04928","上海鸿厚贸易有限公司","022001","加工","024001","开平","1","2015/1/12","PZ006004001","开平板","007001","裸包装","","","009004","二横","","","19.2600","0","0","139","1","2015/1/12 12:05:30","100006","肖燕","","19.2600","","4*1100*4000","","","","2015/1/12 12:05:30","100006","2015/1/12 17:48:01","100003","0","0","7.850000","KH04928","上海鸿厚贸易有限公司","KH04928","上海鸿厚贸易有限公司","","","","","钱晓平","2015/1/12 17:40:17","","","","4*1100*0","QStE340TM","               ","","","","0","","139.000000","19.260000","","","0","","",""
"0115010313","0101","25N001","KH04928","上海鸿厚贸易有限公司","022001","加工","024007","小尾卷加工","1","2015/1/9","PZ006004001","开平板","007001","裸包装","","","009004","二横","","","9.3080","0","0","79","5","2015/1/9 16:00:06","1818","肖萍","","9.3080","","3.5*1095*0","","","","2015/1/9 16:00:04","1818","2015/1/15 17:29:19","100006","0","0","7.850000","KH04928","上海鸿厚贸易有限公司","KH04928","上海鸿厚贸易有限公司","","","","","肖燕","2015/1/15 17:29:23","","","","3.2*1095*0","SPHE","               ","","","","0","","79.000000","9.308000","","","0","","",""
"0115010483","0101","","KH03444","上海钢琰商贸有限公司","022001","加工","024001","开平","1","2015/1/14","PZ006004001","开平板","007001","裸包装","","","009004","二横","","","20.7200","0","0","339","1","2015/1/14 14:54:05","100006","肖燕","","20.7200","","2.5*1250*2500","","","","2015/1/14 14:54:07","100006","2015/1/15 1:25:41","100060","0","0","7.850000","KH03444","上海钢琰商贸有限公司","KH03444","上海钢琰商贸有限公司","","","","","潘华良","2015/1/15 1:17:57","","","","2.5*1250*0","SPHC","               ","","","","0","","339.000000","20.720000","","","0","","",""
"0115010484","0101","","KH02655","浙江宏厚贸易有限公司","022001","加工","024002","纵剪","1","2015/1/14","PZ001001030","带钢","007001","裸包装","","","009006","一纵","","","112.1080","0","0","38","4","2015/1/14 15:11:47","100006","肖燕","","112.1080","","4*500*0","","","","2015/1/14 15:11:47","100006","2015/1/18 8:58:36","100060","0","0","7.850000","KH02655","浙江宏厚贸易有限公司","KH02655","浙江宏厚贸易有限公司","","","","","潘华良","2015/1/18 8:50:55","","","","4*1500*0","Q235B","               ","","","","0","","38.000000","112.108000","","","0","","",""
"0115010005","0101","","KH04928","上海鸿厚贸易有限公司","022001","加工","024001","开平","1","2015/1/4","PZ006004","开平板","007001","裸包装","","","009004","二横","","","22.3400","0","0","168","1","2015/1/4 11:05:36","100006","肖燕","","22.3400","","2.3*1250*6000","","","","2015/1/4 11:05:37","100006","2015/1/4 14:54:24","1818","0","0","7.850000","KH04928","上海鸿厚贸易有限公司","KH04928","上海鸿厚贸易有限公司","","","","","肖萍","2015/1/4 14:46:51","","","","2.3*1250*0","SPHC","               ","","","","0","","168.000000","22.340000","","","0","","",""
"0115010411","0101","","KH05886","上海宝圣仓储有限公司","022001","加工","024001","开平","1","2015/1/13","PZ006004001","开平板","007001","裸包装","","","009004","二横","","","28.2700","0","0","42","1","2015/1/13 14:00:32","100006","肖燕","","28.2700","","9.75*1500*6000","","","","2015/1/13 14:00:32","100006","2015/1/13 16:26:35","100003","0","0","7.850000","KH05886","上海宝圣仓储有限公司","KH05886","上海宝圣仓储有限公司","","","","","钱晓平","2015/1/13 16:18:52","","","","9.75*1500*0","Q235B","               ","","","","0","","42.000000","28.270000","","","0","","",""
"0115010013","0101","","KH00189","上海鹤瀚金属材料有限公司","022001","加工","024001","开平","1","2015/1/4","PZ006004","开平板","007001","裸包装","","","009004","二横","","","44.8600","0","0","215","2","2015/1/4 12:07:29","100006","肖燕","","44.8600","","3*1500*6000","","","","2015/1/4 12:07:29","100006","2015/1/4 17:00:30","100002","0","0","7.850000","KH00189","上海鹤瀚金属材料有限公司","KH00189","上海鹤瀚金属材料有限公司","","","","","顾陆萍","2015/1/4 16:53:01","","","","3*1500*0","SPHC","               ","","","","0","","215.000000","44.860000","","","0","","",""
"0115010217","0101","","KH03095","上海浙翔实业有限公司","022001","加工","024001","开平","1","2015/1/7","PZ006004","开平板","0","","","","","","","","21.6300","0","0","89","1","2015/1/7 19:12:25","1919","徐雨亭","","21.6300","","3.20*1618*6000","","","","2015/1/7 19:12:25","1919","2015/1/8 3:26:52","1919","0","0","7.850000","KH03095","上海浙翔实业有限公司","KH03095","上海浙翔实业有限公司","","","","","徐雨亭","2015/1/8 3:19:20","","","","3.20*1618*C","SS400","               ","","","","0","","89.000000","21.630000","","","0","","",""
"0115010254","0101","","KH02075","杭州萧山信谊物流有限公司","022001","加工","024001","开平","1","2015/1/8","PZ006004001","开平板","007001","裸包装","","","009004","二横","","","18.6100","0","0","247","1","2015/1/8 17:43:15","1818","肖萍","","18.6100","","2*1250*3840","","","","2015/1/8 17:43:15","1818","2015/1/9 1:02:18","100060","0","0","7.850000","KH02075","杭州萧山信谊物流有限公司","KH02075","杭州萧山信谊物流有限公司","","","","","潘华良","2015/1/9 0:54:40","","","","2*1250*0","SPHC","               ","","","","0","","247.000000","18.610000","","","0","","",""
"0115010329","0101","","KH04102","上海全海实业有限公司","022001","加工","024001","开平","1","2015/1/12","PZ006004","开平板","0","","","","009004","二横","","","19.4100","0","0","167","1","2015/1/12 10:39:41","100006","肖燕","","19.4100","","4.95*1250*2380","","","","2015/1/12 10:39:42","100006","2015/1/12 17:33:11","100003","0","0","7.850000","KH04102","上海全海实业有限公司","KH04102","上海全海实业有限公司","","","","","钱晓平","2015/1/12 17:25:27","","","","4.95*1250*0","QStE340TM","               ","","","","0","","167.000000","19.410000","","","0","","",""
"0115010253","0101","","KH06237","上海垒钢实业有限公司","022001","加工","024001","开平","1","2015/1/8","PZ006004001","开平板","007001","裸包装","","","009004","二横","","","28.1600","0","0","211","1","2015/1/8 17:11:21","1818","肖萍","","28.1600","","5*1500*2250","","","","2015/1/8 17:11:21","1818","2015/1/9 1:00:50","100060","0","0","7.850000","KH06237","上海垒钢实业有限公司","KH06237","上海垒钢实业有限公司","","","","","潘华良","2015/1/9 0:53:12","","","","5*1500*C","SPHC","               ","","","","0","","211.000000","28.160000","","","0","","",""
"0115010087","0101","","KH04928","上海鸿厚贸易有限公司","022001","加工","024001","开平","1","2015/1/5","PZ006004","开平板","007001","裸包装","","","009004","二横","","","39.1500","0","0","1328","2","2015/1/5 14:53:00","100006","肖燕","","39.1500","","1.5*1250*2000","","","","2015/1/5 14:53:02","100006","2015/1/7 20:45:03","1919","0","0","7.850000","KH04928","上海鸿厚贸易有限公司","KH04928","上海鸿厚贸易有限公司","","","","","徐雨亭","2015/1/7 20:37:28","","","","1.5*1250*0","SPHC","               ","","","","0","","1328.000000","39.150000","","","0","","",""
"0115010402","0101","","KH01074","上海圣冶实业有限公司","022001","加工","024001","开平","1","2015/1/13","PZ006004","开平板","007001","裸包装","","","009004","二横","","","22.5400","0","0","252","1","2015/1/13 13:22:11","100006","肖燕","","22.5400","","2.3*1250*3965","","","","2015/1/13 13:22:11","100006","2015/1/14 14:51:34","100006","0","0","7.850000","KH01074","上海圣冶实业有限公司","KH01074","上海圣冶实业有限公司","","","","","肖燕","2015/1/14 14:51:39","","","","2.3*1250*0","SPHC","               ","","","","0","","252.000000","22.540000","","","0","","",""
"0115010320","0101","","KH04928","上海鸿厚贸易有限公司","022001","加工","024002","纵剪","1","2015/1/9","PZ001001030","带钢","0","","","","009006","一纵","","","56.9100","0","0","18","2","2015/1/9 17:12:03","100006","肖燕","","56.9100","","2.55*1540*0","","","","2015/1/9 17:12:03","100006","2015/1/10 16:24:08","1818","0","0","7.850000","KH04928","上海鸿厚贸易有限公司","KH04928","上海鸿厚贸易有限公司","","","","","肖萍","2015/1/10 16:16:41","","","","2.55*1540*0","SPHC","               ","","","","0","","18.000000","56.910000","","","0","","",""
"0115010274","0101","","KH02655","浙江宏厚贸易有限公司","022001","加工","024001","开平","1","2015/1/9","PZ006004001","开平板","007001","裸包装","","","009004","二横","","","55.2200","0","0","269","2","2015/1/9 11:34:19","100060","潘华良","","55.2200","","5*1500*3550","","","","2015/1/9 11:35:33","100060","2015/1/9 16:37:13","100006","0","0","7.850000","KH02655","浙江宏厚贸易有限公司","KH02655","浙江宏厚贸易有限公司","","","","","肖燕","2015/1/9 16:37:14","","","","5*1500*0","Q235B","               ","","","","0","","269.000000","55.220000","","","0","","",""
"0115010003","0101","","KH02075","杭州萧山信谊物流有限公司","022001","加工","024002","纵剪","1","2015/1/4","PZ001001030","带钢","007001","裸包装","","","009006","一纵","","","39.1000","0","0","34","2","2015/1/4 9:39:21","1919","徐雨亭","","39.1000","","2.5*169*0","","","","2015/1/4 9:39:21","1919","2015/1/4 15:48:51","1818","0","0","7.850000","KH02075","杭州萧山信谊物流有限公司","KH02075","杭州萧山信谊物流有限公司","","","","","肖萍","2015/1/4 15:41:16","","","","2.5*1250*0","SPHC","               ","","","","0","","34.000000","39.100000","","","0","","",""
"0115010142","0101","","KH00247","上海致铁物资有限公司","022001","加工","024001","开平","1","2015/1/6","PZ006004001","开平板","007001","裸包装","","","009004","二横","","","21.4900","0","0","170","1","2015/1/6 15:29:27","100006","肖燕","","21.4900","","5.5*1500*2000","","","","2015/1/6 15:29:27","100006","2015/1/7 0:16:47","100060","0","0","7.850000","KH00247","上海致铁物资有限公司","KH00247","上海致铁物资有限公司","","","","","潘华良","2015/1/7 0:09:15","","","","5.5*1500*0","Q345B","               ","","","","0","","170.000000","21.490000","","","0","","",""
"0115010351","0101","","KH05314","上海隆新金属材料有限公司","022001","加工","024001","开平","1","2015/1/12","PZ006004","开平板","007001","裸包装","","","009004","二横","","","43.8700","0","0","538","2","2015/1/12 15:32:57","100006","肖燕","","43.8700","","4.5*1250*1780","","","","2015/1/12 15:32:59","100006","2015/1/13 15:38:20","100006","0","0","7.850000","KH05314","上海隆新金属材料有限公司","KH05314","上海隆新金属材料有限公司","","","","","肖燕","2015/1/13 15:38:26","","","","4.5*1250*0","SPHC","               ","","","","0","","538.000000","43.870000","","","0","","",""
"0115010275","0101","","KH02655","浙江宏厚贸易有限公司","022001","加工","024001","开平","1","2015/1/9","PZ006004","开平板","007001","裸包装","","","009004","二横","","","21.1800","0","0","298","1","2015/1/9 11:36:28","100060","潘华良","","21.1800","","3*1250*2500","","","","2015/1/9 11:36:27","100060","2015/1/9 18:39:50","1919","0","0","7.850000","KH02655","浙江宏厚贸易有限公司","KH02655","浙江宏厚贸易有限公司","","","","","徐雨亭","2015/1/9 18:32:12","","","","3*1250*0","Q235B","               ","","","","0","","298.000000","21.180000","","","0","","",""
"0115010144","0101","","KH02308","绍兴县钢海贸易有限公司","022001","加工","024001","开平","1","2015/1/6","PZ006004001","开平板","007001","裸包装","","","009004","二横","","","18.2900","0","0","504","1","2015/1/6 15:36:09","100006","肖燕","","18.2900","","1.8*1250*2010","","","","2015/1/6 15:36:09","100006","2015/1/8 3:28:12","1919","0","0","7.850000","KH02308","绍兴县钢海贸易有限公司","KH02308","绍兴县钢海贸易有限公司","","","","","徐雨亭","2015/1/8 3:20:40","","","","1.8*1250*C","Q235B","               ","","","","0","","504.000000","18.290000","","","0","","",""
"0115010249","0101","","KH02921","上海凡挺实业有限公司","022001","加工","024002","纵剪","1","2015/1/8","PZ001001030","带钢","007001","裸包装","","","009006","一纵","","","24.2300","0","0","8","1","2015/1/8 16:08:05","100006","肖燕","","24.2300","","4*292*0","","","","2015/1/8 16:08:05","100006","2015/1/8 17:37:06","1818","0","0","7.850000","KH02921","上海凡挺实业有限公司","KH02921","上海凡挺实业有限公司","","","","","肖萍","2015/1/8 17:29:28","","","","4*1250*0","SPHC","               ","","","","0","","8.000000","24.230000","","","0","","",""
"0115010315","0101","","KH05986","上海伟兴实业有限公司","022001","加工","024002","纵剪","1","2015/1/9","PZ001001030","带钢","007001","裸包装","","","009006","一纵","","","21.4800","0","0","13","1","2015/1/9 16:44:34","1818","肖萍","","21.4800","","3*164*0","","","","2015/1/9 16:44:31","1818","2015/1/10 16:26:47","1818","0","0","7.850000","KH05986","上海伟兴实业有限公司","KH05986","上海伟兴实业有限公司","","","","","肖萍","2015/1/10 16:19:20","","","","3*1500*0","SPHC","               ","","","","0","","13.000000","21.480000","","","0","","",""
"0115010023","0101","","KH04928","上海鸿厚贸易有限公司","022001","加工","024001","开平","1","2015/1/4","PZ006004","开平板","007001","裸包装","","","009004","二横","","","7.2820","0","0","176","5","2015/1/4 13:33:11","100006","肖燕","","7.2820","","2.5*1310*1900/500","","","","2015/1/4 13:33:12","100006","2015/1/6 7:20:44","1919","0","0","7.850000","KH04928","上海鸿厚贸易有限公司","KH04928","上海鸿厚贸易有限公司","","","","","徐雨亭","2015/1/6 7:13:19","","","","2.5*1310*0","SPHC","               ","","","","0","","176.000000","7.282000","","","0","","",""
"0115010316","0101","","KH02075","杭州萧山信谊物流有限公司","022001","加工","024002","纵剪","1","2015/1/9","PZ001001030","带钢","007001","裸包装","","","009006","一纵","","","21.7400","0","0","17","1","2015/1/9 16:46:04","1818","肖萍","","21.7400","","2.5*276*0","","","","2015/1/9 16:46:01","1818","2015/1/10 16:33:35","1818","0","0","7.850000","KH02075","杭州萧山信谊物流有限公司","KH02075","杭州萧山信谊物流有限公司","","","","","肖萍","2015/1/10 16:26:08","","","","2.5*1500*0","SPHC","               ","","","","0","","17.000000","21.740000","","","0","","",""
